{"Gold": {"Christopher Larson (LAR)": {"total_laps": 42, "valid_laps": 39, "valid_laps_percentage": 92.86, "average_lap_time": 83793.94871794872, "valid_average_lap_time": 83793.94871794872, "fastest_lap": 83040, "fastest_s1": 26762, "fastest_s2": 21517, "fastest_s3": 34630, "optimal_lap": 82909, "std_deviation": 7964.822778077291, "valid_std_deviation": 617.2170115981962, "last_lap_time_stamp": 3267964, "last_lap_position": 1, "driver_laps": [86447, 83517, 83410, 83470, 83272, 83255, 83277, 83492, 83510, 83450, 83637, 84367, 83717, 83950, 84252, 84167, 84547, 85032, 84097, 84540, 84232, 84042, 84062, 135127, 89105, 83592, 83537, 83267, 83040, 83417, 83245, 83357, 83722, 83495, 83915, 83352, 83555, 83972, 83647, 83980, 83397, 83682]}, "Kenneth Portis II (POR)": {"total_laps": 42, "valid_laps": 40, "valid_laps_percentage": 95.24, "average_lap_time": 84370.85, "valid_average_lap_time": 84370.85, "fastest_lap": 83705, "fastest_s1": 26950, "fastest_s2": 21572, "fastest_s3": 35065, "optimal_lap": 83587, "std_deviation": 7987.752877531973, "valid_std_deviation": 555.1920226833975, "last_lap_time_stamp": 3374834, "last_lap_position": 2, "driver_laps": [86947, 84032, 83950, 83907, 83857, 83705, 84032, 83840, 83767, 83972, 83997, 84085, 84255, 84027, 84547, 84302, 84455, 84817, 135915, 89127, 84102, 83912, 84342, 84462, 84260, 84145, 84197, 84825, 85292, 85257, 84497, 84765, 84425, 84445, 84195, 84345, 84535, 84152, 84545, 84620, 84587, 84435]}, "Sara Liu (LIU)": {"total_laps": 42, "valid_laps": 31, "valid_laps_percentage": 73.81, "average_lap_time": 84302.6129032258, "valid_average_lap_time": 84302.6129032258, "fastest_lap": 83527, "fastest_s1": 26910, "fastest_s2": 21402, "fastest_s3": 34950, "optimal_lap": 83262, "std_deviation": 7890.6952731142455, "valid_std_deviation": 485.9761775656193, "last_lap_time_stamp": 2613381, "last_lap_position": 3, "driver_laps": [87805, 84325, 83842, 83825, 84667, 84725, 83760, 83527, 83865, 83720, 84037, 84082, 84502, 84162, 84400, 83655, 84912, 84880, 84617, 135252, 88757, 83737, 84397, 83672, 83920, 84320, 84065, 84155, 85172, 85635, 84517, 84845, 84262, 84250, 84645, 84030, 84502, 84360, 84375, 84522, 84560, 84482]}, "Jonathan Clifford (CLI)": {"total_laps": 42, "valid_laps": 38, "valid_laps_percentage": 90.48, "average_lap_time": 84363.81578947368, "valid_average_lap_time": 84363.81578947368, "fastest_lap": 83707, "fastest_s1": 26930, "fastest_s2": 21575, "fastest_s3": 34945, "optimal_lap": 83450, "std_deviation": 7794.58713447866, "valid_std_deviation": 418.9875735281197, "last_lap_time_stamp": 3205825, "last_lap_position": 4, "driver_laps": [87332, 84170, 83945, 83967, 84457, 84012, 84080, 83707, 83712, 84295, 83772, 83840, 84412, 84042, 84277, 84387, 85037, 84835, 84487, 84472, 134745, 88195, 84222, 84165, 83980, 84452, 85107, 84017, 85155, 85527, 84595, 84840, 84325, 84260, 84392, 84055, 84642, 84177, 84717, 84217, 84672, 84567]}, "Toby Yao (YAO)": {"total_laps": 42, "valid_laps": 40, "valid_laps_percentage": 95.24, "average_lap_time": 85122.7, "valid_average_lap_time": 85122.7, "fastest_lap": 83855, "fastest_s1": 27070, "fastest_s2": 21597, "fastest_s3": 35140, "optimal_lap": 83807, "std_deviation": 9095.426944394254, "valid_std_deviation": 936.0783497779856, "last_lap_time_stamp": 3404908, "last_lap_position": 5, "driver_laps": [89707, 86102, 85905, 85350, 85835, 85020, 85225, 85405, 85375, 85277, 84722, 85217, 86642, 84587, 84750, 84945, 84855, 85045, 85595, 85170, 143672, 90230, 85877, 85057, 84230, 84602, 84942, 83855, 84450, 84295, 84042, 85202, 84357, 84865, 84522, 84565, 84655, 85105, 85292, 84892, 84647, 84727]}, "Matt Lung (LUN)": {"total_laps": 42, "valid_laps": 37, "valid_laps_percentage": 88.1, "average_lap_time": 86032.81081081081, "valid_average_lap_time": 86032.81081081081, "fastest_lap": 84767, "fastest_s1": 27415, "fastest_s2": 21802, "fastest_s3": 35365, "optimal_lap": 84582, "std_deviation": 8320.242331244854, "valid_std_deviation": 826.599386974456, "last_lap_time_stamp": 3183214, "last_lap_position": 6, "driver_laps": [88340, 85282, 86375, 86240, 86145, 85977, 85367, 85590, 86267, 86830, 85770, 86015, 86177, 85550, 86212, 88955, 86382, 85802, 86310, 86127, 86275, 139637, 90540, 85057, 85515, 86975, 85885, 85457, 86087, 85650, 84890, 85382, 85490, 85705, 84767, 85477, 86502, 85607, 85960, 85492, 86797, 86590]}, "Dustin Fletcher (FLE)": {"total_laps": 42, "valid_laps": 39, "valid_laps_percentage": 92.86, "average_lap_time": 86051.89743589744, "valid_average_lap_time": 86051.89743589744, "fastest_lap": 85110, "fastest_s1": 27362, "fastest_s2": 21877, "fastest_s3": 35547, "optimal_lap": 84786, "std_deviation": 8680.113972929328, "valid_std_deviation": 1137.728086903938, "last_lap_time_stamp": 3356024, "last_lap_position": 7, "driver_laps": [90110, 86087, 86942, 85765, 85617, 86402, 85997, 85815, 90897, 85590, 85235, 85397, 85710, 85890, 85867, 86180, 85672, 85935, 86060, 86337, 86255, 141815, 90220, 86280, 85477, 85145, 86705, 85685, 85585, 85727, 85117, 85310, 85432, 86270, 86072, 85575, 86820, 85497, 85367, 86185, 85610, 85110]}, "Alex Schimbeno (SCH)": {"total_laps": 42, "valid_laps": 33, "valid_laps_percentage": 78.57, "average_lap_time": 85989.0, "valid_average_lap_time": 85989.0, "fastest_lap": 84532, "fastest_s1": 27235, "fastest_s2": 21757, "fastest_s3": 35512, "optimal_lap": 84504, "std_deviation": 8706.981363413724, "valid_std_deviation": 964.5210275053623, "last_lap_time_stamp": 2837637, "last_lap_position": 8, "driver_laps": [89870, 86007, 87580, 85520, 85470, 86635, 85757, 86200, 87985, 85695, 85697, 85332, 85900, 85455, 85490, 86705, 86437, 86262, 85897, 86862, 141972, 90490, 86585, 85847, 85532, 85672, 85510, 85170, 85457, 85202, 84532, 85772, 85465, 86242, 85062, 86257, 90787, 85200, 85320, 86625, 85197, 86587]}, "Chase Gordon (GOR)": {"total_laps": 42, "valid_laps": 36, "valid_laps_percentage": 85.71, "average_lap_time": 85672.77777777778, "valid_average_lap_time": 85672.77777777778, "fastest_lap": 84247, "fastest_s1": 27072, "fastest_s2": 21697, "fastest_s3": 35147, "optimal_lap": 83916, "std_deviation": 8723.038634310835, "valid_std_deviation": 1094.3195174852756, "last_lap_time_stamp": 3084220, "last_lap_position": 11, "driver_laps": [89627, 86070, 85812, 85397, 87137, 85862, 85532, 85242, 84932, 108660, 84940, 85337, 86400, 86315, 85930, 86655, 85057, 86117, 88812, 137460, 90217, 85285, 85170, 84695, 84267, 85490, 86912, 85100, 85047, 84645, 86227, 84687, 84247, 84740, 85632, 85002, 85582, 85305, 85552, 88505, 86205, 85215]}}, "Silver": {"Philippe Maisonneuve (MAI)": {"total_laps": 42, "valid_laps": 36, "valid_laps_percentage": 85.71, "average_lap_time": 85743.55555555556, "valid_average_lap_time": 85743.55555555556, "fastest_lap": 84410, "fastest_s1": 27190, "fastest_s2": 21662, "fastest_s3": 35320, "optimal_lap": 84172, "std_deviation": 8551.050989870128, "valid_std_deviation": 757.412529393685, "last_lap_time_stamp": 3086768, "last_lap_position": 10, "driver_laps": [88830, 86030, 85845, 85322, 86577, 87557, 86210, 85562, 85512, 85347, 85465, 85937, 86082, 85752, 85760, 89107, 93252, 85142, 85785, 86220, 85870, 140460, 89590, 85887, 92120, 85177, 85062, 84810, 85725, 85640, 84992, 84410, 85925, 84820, 86187, 85715, 85397, 85712, 85397, 86067, 85472, 86145]}, "Marc-Andre Hamel (HAM)": {"total_laps": 42, "valid_laps": 36, "valid_laps_percentage": 85.71, "average_lap_time": 86499.97222222222, "valid_average_lap_time": 86499.97222222222, "fastest_lap": 85390, "fastest_s1": 27497, "fastest_s2": 21862, "fastest_s3": 35637, "optimal_lap": 84996, "std_deviation": 8483.889929692661, "valid_std_deviation": 1146.315500975965, "last_lap_time_stamp": 3113999, "last_lap_position": 12,