{"Gold": {"Kenneth Portis II (POR)": {"total_laps": 39, "valid_laps": 35, "valid_laps_percentage": 89.74, "average_lap_time": 90571.71428571429, "valid_average_lap_time": 90571.71428571429, "fastest_lap": 87300, "fastest_s1": 20212, "fastest_s2": 34102, "fastest_s3": 32955, "optimal_lap": 87269, "std_deviation": 8358.604683824857, "valid_std_deviation": 2649.1738842340196, "last_lap_time_stamp": 3170010, "last_lap_position": 1, "driver_laps": [99522, 93007, 93612, 92635, 92527, 92270, 92237, 92085, 91822, 92362, 91777, 91777, 91665, 91737, 91480, 91470, 91997, 92040, 91670, 92200, 91662, 95810, 140170, 90022, 89177, 88865, 88442, 88075, 87845, 87937, 87647, 87637, 87955, 87575, 87300, 87467, 87420, 87617, 87810]}, "Christopher Larson (LAR)": {"total_laps": 39, "valid_laps": 36, "valid_laps_percentage": 92.31, "average_lap_time": 90523.05555555556, "valid_average_lap_time": 90523.05555555556, "fastest_lap": 87025, "fastest_s1": 20187, "fastest_s2": 33950, "fastest_s3": 32860, "optimal_lap": 86997, "std_deviation": 8196.310459166974, "valid_std_deviation": 2791.1305640182486, "last_lap_time_stamp": 3258830, "last_lap_position": 2, "driver_laps": [100387, 93962, 92960, 92257, 92435, 92540, 91940, 92182, 91832, 92110, 92130, 91777, 91460, 91660, 91427, 91475, 91885, 92182, 91775, 92375, 91540, 93115, 95710, 138762, 89597, 88632, 88137, 87622, 87435, 87465, 87615, 87547, 87660, 87570, 87025, 87320, 87502, 87570, 87842]}, "Jonathan Clifford (CLI)": {"total_laps": 39, "valid_laps": 35, "valid_laps_percentage": 89.74, "average_lap_time": 90655.37142857142, "valid_average_lap_time": 90655.37142857142, "fastest_lap": 87102, "fastest_s1": 20242, "fastest_s2": 33935, "fastest_s3": 32890, "optimal_lap": 87067, "std_deviation": 8337.231381133914, "valid_std_deviation": 2580.2572612927147, "last_lap_time_stamp": 3172938, "last_lap_position": 3, "driver_laps": [99200, 93047, 93600, 92545, 92742, 92067, 92387, 92092, 91867, 92162, 92220, 91562, 91502, 91722, 91492, 91570, 91807, 92127, 91797, 92055, 91757, 96195, 140047, 89697, 89237, 88930, 88417, 88080, 87845, 87902, 87925, 87377, 88247, 88042, 87122, 87102, 87487, 87547, 87845]}, "Sara Liu (LIU)": {"total_laps": 39, "valid_laps": 27, "valid_laps_percentage": 69.23, "average_lap_time": 91386.96296296296, "valid_average_lap_time": 91386.96296296296, "fastest_lap": 87880, "fastest_s1": 20110, "fastest_s2": 34335, "fastest_s3": 33332, "optimal_lap": 87777, "std_deviation": 8930.031404874106, "valid_std_deviation": 2248.2723021754605, "last_lap_time_stamp": 2467448, "last_lap_position": 4, "driver_laps": [101800, 93532, 93832, 93932, 93095, 93057, 92910, 92822, 93150, 92670, 92377, 92527, 92462, 91845, 92795, 93052, 93270, 92715, 93210, 97707, 144787, 92002, 90777, 91232, 89197, 89275, 88805, 88352, 88147, 88660, 88515, 88000, 87880, 90480, 90897, 89327, 95012, 89910, 88872]}, "Alex Schimbeno (SCH)": {"total_laps": 39, "valid_laps": 32, "valid_laps_percentage": 82.05, "average_lap_time": 91956.34375, "valid_average_lap_time": 91956.34375, "fastest_lap": 88420, "fastest_s1": 20380, "fastest_s2": 34432, "fastest_s3": 33435, "optimal_lap": 88247, "std_deviation": 8278.06279371775, "valid_std_deviation": 2256.074261094386, "last_lap_time_stamp": 2942603, "last_lap_position": 5, "driver_laps": [100257, 93960, 93390, 93972, 93395, 92942, 92847, 92977, 93440, 92435, 92465, 92480, 92185, 92262, 93180, 92720, 92922, 93037, 96582, 141417, 92427, 91500, 91352, 90652, 90975, 89702, 89525, 88835, 88537, 88917, 89002, 88407, 88420, 91120, 90215, 89732, 95015, 92595, 89095]}, "Kaler Nicholson (NIC)": {"total_laps": 39, "valid_laps": 37, "valid_laps_percentage": 94.87, "average_lap_time": 92368.72972972973, "valid_average_lap_time": 92368.72972972973, "fastest_lap": 89227, "fastest_s1": 20380, "fastest_s2": 34755, "fastest_s3": 33780, "optimal_lap": 88915, "std_deviation": 9641.459136075026, "valid_std_deviation": 2612.761689696775, "last_lap_time_stamp": 3417643, "last_lap_position": 7, "driver_laps": [102007, 94697, 93982, 94225, 94187, 93650, 96712, 93417, 94230, 93280, 93080, 93505, 93482, 92997, 92857, 93302, 93625, 95635, 98592, 150277, 93220, 93000, 92340, 91670, 90770, 90502, 90180, 90012, 89532, 89605, 90450, 89892, 89830, 89377, 89692, 89965, 89227, 89857, 89652]}, "Dustin Fletcher (FLE)": {"total_laps": 39, "valid_laps": 37, "valid_laps_percentage": 94.87, "average_lap_time": 92937.5945945946, "valid_average_lap_time": 92937.5945945946, "fastest_lap": 89175, "fastest_s1": 20362, "fastest_s2": 34647, "fastest_s3": 33940, "optimal_lap": 88949, "std_deviation": 9327.281485997319, "valid_std_deviation": 3180.7916245580845, "last_lap_time_stamp": 3438691, "last_lap_position": 9, "driver_laps": [106077, 97487, 97265, 95457, 95600, 94697, 94580, 94302, 94677, 94177, 93547, 93955, 93755, 93557, 93470, 94175, 93872, 98737, 147730, 94067, 93867, 93035, 92005, 91572, 91277, 90247, 90532, 90765, 90095, 89655, 90485, 91835, 89935, 90050, 89512, 89580, 90417, 89175, 89935]}, "Toby Yao (YAO)": {"total_laps": 39, "valid_laps": 30, "valid_laps_percentage": 76.92, "average_lap_time": 91421.4, "valid_average_lap_time": 91421.4, "fastest_lap": 87655, "fastest_s1": 20270, "fastest_s2": 34137, "fastest_s3": 33247, "optimal_lap": 87654, "std_deviation": 11146.020998659751, "valid_std_deviation": 3183.6167634550056, "last_lap_time_stamp": 2742642, "last_lap_position": 11, "driver_laps": [104415, 117950, 93847, 94995, 106885, 93375, 95247, 93992, 92895, 93482, 92415, 92507, 94387, 93027, 92382, 92152, 122737, 145617, 92947, 91875, 91160, 90690, 90365, 90052, 89877, 89487, 90347, 89637, 92480, 88565, 88565, 87852, 88525, 88447, 95400, 89015, 89287, 88595, 87655]}, "Dale Rodman Jr III (ROD)": {"total_laps": 39, "valid_laps": 32, "valid_laps_percentage": 82.05, "average_lap_time": 92381.8125, "valid_average_lap_time": 92381.8125, "fastest_lap": 88790, "fastest_s1": 20387, "fastest_s2": 34487, "fastest_s3": 33585, "optimal_lap": 88459, "std_deviation": 9659.301144730316, "valid_std_deviation": 3366.6985880925718, "last_lap_time_stamp": 2956218, "last_lap_position": 13, "driver_laps": [102837, 96637, 99190, 100505, 106752, 96042, 107482, 95887, 95522, 94692, 95170, 96050, 94835, 95145, 94512, 99632, 146082, 96925, 94810, 93312, 92452, 91900, 91492, 93682, 89857, 89885, 89202, 89865, 89295, 89507, 89145, 90225, 89032, 89142, 88790, 89562, 89317, 89427, 88990]}, "Chase Gordon (GOR)": {"total_laps": 39, "valid_laps": 33, "valid_laps_percentage": 84.62, "average_lap_time": 91951.51515151515, "valid_average_lap_time": 91951.51515151515, "fastest_lap": 88127, "fastest_s1": 20280, "fastest_s2": 34417, "fastest_s3": 33325, "optimal_lap": 88022, "std_deviation": 378214.80797278683, "valid_std_deviation": 2907.66661303798, "last_lap_time_stamp": 3034400, "last_lap_position": 14, "driver_laps": [2455715, 96265, 97212, 98107, 103337, 95552, 95660, 95445, 93415, 95175, 92922, 93205, 92670, 92955, 93207, 93297, 93687, 93345, 93202, 97242, 129942, 145010, 90842, 90210, 90092, 89202, 89497, 89137, 88565, 89105, 89525, 88620, 88840, 88127, 88585, 88900, 90905, 88927, 89457]}, "Karl Maurer (MAU)": {"total_laps": 39, "valid_laps": 30, "valid_laps_percentage": 76.92, "average_lap_time": 93693.73333333334, "valid_average_lap_time": 93693.73333333334, "fastest_lap": 89240, "fastest_s1": 20517, "fastest_s2": 34872, "fastest_s3": 33800, "optimal_lap": 89189, "std_deviation": 10475.38178859053, "valid_std_deviation": 3221.636154602763, "last_lap_time_stamp": 2810812, "last_lap_position": 15, "driver_laps": [104847, 97222, 97275, 98175, 98550, 95132, 94480, 94772, 95265, 93990, 94277, 94472, 94045, 95747, 93805, 94140, 94210, 93902, 94082, 98262, 156302, 93600, 94927, 94277, 92742, 91620, 90542, 89930, 93795, 93617, 90277, 92485, 90340, 89930, 89282, 89842, 92175, 89240, 89947]}, "Jeremy Wirges (WIR)": {"total_laps": 39, "valid_laps": 22, "valid_laps_percentage": 56.41, "average_lap_time": 91746.54545454546, "valid_average_lap_time": 91746.54545454546, "fastest_lap": 88662,