{"Gold": {"Jonathan Clifford (CLI)": {"total_laps": 35, "valid_laps": 30, "valid_laps_percentage": 85.71, "average_lap_time": 99336.93333333333, "valid_average_lap_time": 99336.93333333333, "fastest_lap": 98007, "fastest_s1": 23990, "fastest_s2": 47245, "fastest_s3": 26537, "optimal_lap": 97772, "std_deviation": 7805.5988215527195, "valid_std_deviation": 873.0486392159269, "last_lap_time_stamp": 2980108, "last_lap_position": 1, "driver_laps": [101810, 99002, 98505, 98387, 98805, 98710, 98617, 98977, 98957, 99507, 99055, 99197, 100425, 99687, 99597, 99342, 99705, 100030, 99997, 105160, 145027, 98377, 98007, 98010, 98030, 98242, 98735, 99507, 99752, 99382, 99827, 100085, 100217, 100452, 100720]}, "Christopher Larson (LAR)": {"total_laps": 35, "valid_laps": 33, "valid_laps_percentage": 94.29, "average_lap_time": 99423.0303030303, "valid_average_lap_time": 99423.0303030303, "fastest_lap": 97877, "fastest_s1": 24055, "fastest_s2": 47240, "fastest_s3": 26580, "optimal_lap": 97875, "std_deviation": 7802.460875321604, "valid_std_deviation": 939.6277017005353, "last_lap_time_stamp": 3280960, "last_lap_position": 2, "driver_laps": [101377, 98487, 98212, 97877, 98527, 98497, 98407, 98627, 98495, 98550, 98737, 99002, 99270, 99017, 98982, 100090, 99275, 99765, 99847, 99682, 99745, 99947, 103205, 145222, 99660, 99902, 99235, 99467, 99460, 99595, 99882, 100065, 100307, 100427, 102545]}, "Kenneth Portis II (POR)": {"total_laps": 35, "valid_laps": 33, "valid_laps_percentage": 94.29, "average_lap_time": 99565.15151515152, "valid_average_lap_time": 99565.15151515152, "fastest_lap": 98480, "fastest_s1": 24150, "fastest_s2": 47522, "fastest_s3": 26760, "optimal_lap": 98432, "std_deviation": 7885.391183552472, "valid_std_deviation": 863.5832733881299, "last_lap_time_stamp": 3285650, "last_lap_position": 3, "driver_laps": [103080, 99555, 99150, 99262, 99307, 99075, 98847, 99182, 99387, 99232, 99562, 99555, 99580, 99815, 99897, 100300, 99962, 100280, 100385, 100512, 100555, 103595, 145895, 98660, 98480, 98655, 98777, 99107, 98747, 98707, 98985, 100335, 99942, 99450, 99325]}, "Kyle Easton (EAS)": {"total_laps": 35, "valid_laps": 30, "valid_laps_percentage": 85.71, "average_lap_time": 99568.56666666667, "valid_average_lap_time": 99568.56666666667, "fastest_lap": 98267, "fastest_s1": 24150, "fastest_s2": 47352, "fastest_s3": 26625, "optimal_lap": 98127, "std_deviation": 7986.234932577386, "valid_std_deviation": 887.4635954974905, "last_lap_time_stamp": 2987057, "last_lap_position": 4, "driver_laps": [102895, 99480, 99167, 99530, 99110, 99257, 99012, 99132, 99067, 99327, 99860, 99230, 99657, 99920, 99745, 100307, 99865, 100385, 100180, 100585, 100637, 100522, 102930, 146527, 98267, 98742, 98810, 98947, 98532, 98602, 99245, 99062, 99542, 99405, 99320]}, "Sara Liu (LIU)": {"total_laps": 35, "valid_laps": 28, "valid_laps_percentage": 80.0, "average_lap_time": 99530.42857142857, "valid_average_lap_time": 99530.42857142857, "fastest_lap": 98257, "fastest_s1": 24032, "fastest_s2": 47640, "fastest_s3": 26522, "optimal_lap": 98194, "std_deviation": 8678.597059878462, "valid_std_deviation": 887.1752688572634, "last_lap_time_stamp": 2786852, "last_lap_position": 5, "driver_laps": [102390, 98677, 99130, 98527, 98600, 98900, 98967, 99385, 99357, 99522, 100952, 99622, 100217, 99840, 100050, 103465, 100705, 100052, 101327, 100122, 104272, 116685, 148170, 99000, 99272, 98957, 99615, 98662, 98595, 98257, 98940, 99530, 100372, 99177, 99590]}, "Alex Schimbeno (SCH)": {"total_laps": 35, "valid_laps": 29, "valid_laps_percentage": 82.86, "average_lap_time": 100317.27586206897, "valid_average_lap_time": 100317.27586206897, "fastest_lap": 99077, "fastest_s1": 24310, "fastest_s2": 47765, "fastest_s3": 26630, "optimal_lap": 98705, "std_deviation": 8397.437326676643, "valid_std_deviation": 1177.74605850545, "last_lap_time_stamp": 2909201, "last_lap_position": 6, "driver_laps": [104837, 102095, 113165, 99472, 99670, 100162, 100952, 100265, 100140, 100897, 100140, 100572, 100577, 102360, 100852, 100560, 100680, 101540, 101165, 101435, 105975, 148215, 99247, 99185, 99275, 99077, 99800, 99300, 99897, 99697, 99690, 99762, 99937, 100102, 99425]}, "Chase Gordon (GOR)": {"total_laps": 35, "valid_laps": 30, "valid_laps_percentage": 85.71, "average_lap_time": 100458.0, "valid_average_lap_time": 100458.0, "fastest_lap": 99222, "fastest_s1": 24240, "fastest_s2": 48142, "fastest_s3": 26752, "optimal_lap": 99134, "std_deviation": 9011.878018677873, "valid_std_deviation": 1047.2018545332753, "last_lap_time_stamp": 3013740, "last_lap_position": 7, "driver_laps": [105317, 99732, 100367, 100147, 100187, 100115, 99767, 99427, 100765, 100940, 99830, 100137, 100415, 100610, 100940, 100830, 100540, 100682, 100320, 101452, 119477, 150495, 99635, 100972, 99222, 99695, 100945, 100227, 101047, 99962, 100100, 99872, 100380, 100210, 100487]}, "Toby Yao (YAO)": {"total_laps": 35, "valid_laps": 29, "valid_laps_percentage": 82.86, "average_lap_time": 100723.86206896552, "valid_average_lap_time": 100723.86206896552, "fastest_lap": 99387, "fastest_s1": 24252, "fastest_s2": 48112, "fastest_s3": 26682, "optimal_lap": 99046, "std_deviation": 9700.997018413133, "valid_std_deviation": 1505.9146656751725, "last_lap_time_stamp": 2920992, "last_lap_position": 8, "driver_laps": [107347, 101552, 100962, 100975, 101100, 100250, 100685, 100137, 100757, 100872, 100772, 101217, 119100, 100905, 101605, 101187, 101547, 105467, 154982, 100802, 99755, 99585, 100142, 99387, 99390, 99477, 99700, 99650, 99770, 99967, 102697, 100075, 99912, 99712, 100840]}, "Dale Rodman Jr III (ROD)": {"total_laps": 35, "valid_laps": 28, "valid_laps_percentage": 80.0, "average_lap_time": 101210.0, "valid_average_lap_time": 101210.0, "fastest_lap": 100215, "fastest_s1": 24442, "fastest_s2": 48415, "fastest_s3": 26997, "optimal_lap": 99854, "std_deviation": 9009.916847189952, "valid_std_deviation": 965.767397806877, "last_lap_time_stamp": 2833880, "last_lap_position": 9, "driver_laps": [105365, 101802, 101452, 100720, 100615, 101265, 100785, 101770, 101237, 100730, 101700, 100940, 108625, 101127, 100932, 101772, 100817, 106840, 151937, 100450, 100577, 100510, 101055, 100305, 100655, 100215, 100822, 101450, 100857, 100752, 117067, 102465, 100775, 101117, 101605]}, "Karl Maurer (MAU)": {"total_laps": 35, "valid_laps": 25, "valid_laps_percentage": 71.43, "average_lap_time": 101433.32, "valid_average_lap_time": 101433.32, "fastest_lap": 99775, "fastest_s1": 24245, "fastest_s2": 48502, "fastest_s3": 26700, "optimal_lap": 99447, "std_deviation": 9055.470921497348, "valid_std_deviation": 1809.5840387595524, "last_lap_time_stamp": 2535833, "last_lap_position": 12, "driver_laps": [107162, 100800, 101795, 101300, 101935, 100857, 101647, 100917, 100350, 101095, 101417, 100982, 104277, 101320, 101322, 101170, 101530, 106307, 152592, 104290, 100152, 99775, 99975, 100925, 99820, 100472, 101735, 100830, 100565, 100452, 112467, 107130, 105182, 112617, 100950]}, "Dustin Fletcher (FLE)": {"total_laps": 35, "valid_laps": 29, "valid_laps_percentage": 82.86, "average_lap_time": 101890.13793103448, "valid_average_lap_time": 101890.13793103448, "fastest_lap": 100257, "fastest_s1": 24512, "fastest_s2": 48385, "fastest_s3": 27075, "optimal_lap": 99972, "std_deviation": 9225.52045171664, "valid_std_deviation": 1747.6335780571137, "last_lap_time_stamp": 2954814, "last_lap_position": 13, "driver_laps": [110075, 101752, 101442, 100880, 101260, 101322, 101960, 101260, 101117, 100922, 101402, 101885, 114392, 106102, 101710, 102007, 101387, 102252, 106035, 154530, 101480, 100962, 100257, 100560, 102540, 103102, 102212, 102817, 100845, 101145, 101077, 102397, 103562, 102170, 100917]}, "Matt Lung (LUN)": {"total_laps": 35, "valid_laps": 22, "valid_laps_percentage": 62.86, "average_lap_time": 101992.40909090909, "valid_average_lap_time": 101992.40909090909, "fastest_lap": 100327, "fastest_s1": 24412, "fastest_s2": 48737, "fastest_s3": 27007, "optimal_lap": 100156, "std_deviation": 9795.755924005512,