{"Gold": {"Christopher Larson (LAR)": {"total_laps": 30, "valid_laps": 28, "valid_laps_percentage": 93.33, "average_lap_time": 119128.53571428571, "valid_average_lap_time": 119128.53571428571, "fastest_lap": 117965, "fastest_s1": 34832, "fastest_s2": 49460, "fastest_s3": 33630, "optimal_lap": 117922, "std_deviation": 9963.971730892405, "valid_std_deviation": 1438.1777689053413, "last_lap_time_stamp": 3335599, "last_lap_position": 1, "driver_laps": [126152, 118832, 118835, 118855, 118577, 118862, 118885, 119165, 119507, 119380, 119337, 119220, 119570, 119610, 119510, 124415, 173095, 118310, 117965, 118500, 118480, 118412, 118435, 118702, 118467, 118787, 118717, 118802, 118780, 118945]}, "Jonathan Clifford (CLI)": {"total_laps": 30, "valid_laps": 23, "valid_laps_percentage": 76.67, "average_lap_time": 119459.73913043478, "valid_average_lap_time": 119459.73913043478, "fastest_lap": 118300, "fastest_s1": 34730, "fastest_s2": 49690, "fastest_s3": 33690, "optimal_lap": 118110, "std_deviation": 9773.672942755657, "valid_std_deviation": 1605.0609792265132, "last_lap_time_stamp": 2747574, "last_lap_position": 2, "driver_laps": [126427, 119037, 118710, 119142, 119147, 119647, 119462, 119120, 119520, 119742, 120505, 119947, 119525, 124405, 172352, 119162, 119957, 118360, 118300, 118422, 118962, 118980, 119022, 119300, 118745, 119032, 118967, 119117, 118902, 119075]}, "Kenneth Portis II (POR)": {"total_laps": 30, "valid_laps": 26, "valid_laps_percentage": 86.67, "average_lap_time": 119381.03846153847, "valid_average_lap_time": 119381.03846153847, "fastest_lap": 118147, "fastest_s1": 35132, "fastest_s2": 49615, "fastest_s3": 33355, "optimal_lap": 118102, "std_deviation": 10107.45524233781, "valid_std_deviation": 1506.223369378373, "last_lap_time_stamp": 3103907, "last_lap_position": 3, "driver_laps": [126265, 119212, 118700, 118942, 118890, 119522, 119732, 119215, 119465, 119510, 120630, 119927, 123855, 174180, 118347, 118957, 119060, 118375, 118147, 118797, 118777, 119005, 118787, 119225, 118997, 120197, 118997, 119242, 118862, 118917]}, "Sara Liu (LIU)": {"total_laps": 30, "valid_laps": 24, "valid_laps_percentage": 80.0, "average_lap_time": 119513.33333333333, "valid_average_lap_time": 119513.33333333333, "fastest_lap": 118400, "fastest_s1": 34950, "fastest_s2": 49770, "fastest_s3": 33620, "optimal_lap": 118340, "std_deviation": 10051.419565837741, "valid_std_deviation": 1679.5679223529787, "last_lap_time_stamp": 2868320, "last_lap_position": 4, "driver_laps": [127097, 118890, 119227, 118765, 118952, 119132, 120060, 119955, 119715, 119407, 119937, 119700, 119705, 125155, 173850, 119125, 118755, 118725, 118422, 118400, 119460, 118750, 118770, 119600, 119167, 119300, 119050, 119092, 119752, 119422]}, "Kaler Nicholson (NIC)": {"total_laps": 30, "valid_laps": 25, "valid_laps_percentage": 83.33, "average_lap_time": 120824.88, "valid_average_lap_time": 120824.88, "fastest_lap": 119387, "fastest_s1": 35270, "fastest_s2": 49877, "fastest_s3": 33825, "optimal_lap": 118972, "std_deviation": 11268.55266440969, "valid_std_deviation": 1824.198666995091, "last_lap_time_stamp": 3020622, "last_lap_position": 5, "driver_laps": [128930, 120170, 120355, 120192, 120830, 120177, 120412, 120802, 121042, 120720, 121990, 122457, 120697, 127287, 181657, 120162, 119500, 119387, 120352, 120830, 119495, 120257, 120217, 119677, 120497, 120892, 120160, 119997, 120140, 120582]}, "Dale Rodman Jr III (ROD)": {"total_laps": 30, "valid_laps": 26, "valid_laps_percentage": 86.67, "average_lap_time": 121132.65384615384, "valid_average_lap_time": 121132.65384615384, "fastest_lap": 119825, "fastest_s1": 35312, "fastest_s2": 50372, "fastest_s3": 34007, "optimal_lap": 119691, "std_deviation": 10129.53920778576, "valid_std_deviation": 1654.6391737731267, "last_lap_time_stamp": 3149449, "last_lap_position": 7, "driver_laps": [128740, 121722, 120707, 120747, 120595, 121290, 121940, 121042, 120760, 121095, 121700, 121080, 121922, 121497, 128295, 175690, 120927, 120640, 119825, 120557, 120485, 120207, 120285, 120212, 120740, 120647, 120290, 120170, 120297, 120267]}, "Toby Yao (YAO)": {"total_laps": 30, "valid_laps": 22, "valid_laps_percentage": 73.33, "average_lap_time": 120279.13636363637, "valid_average_lap_time": 120279.13636363637, "fastest_lap": 118615, "fastest_s1": 35147, "fastest_s2": 49837, "fastest_s3": 33430, "optimal_lap": 118414, "std_deviation": 10955.69533726584, "valid_std_deviation": 1874.3358263777839, "last_lap_time_stamp": 2646141, "last_lap_position": 9, "driver_laps": [127427, 120052, 119280, 138532, 119807, 122035, 120767, 143420, 120765, 120635, 127210, 173517, 119182, 118615, 119560, 118985, 119030, 118697, 120512, 119072, 119410, 119892, 119275, 119812, 119047, 122212, 120385, 120792, 121715, 120927]}, "Sean Collis (COL)": {"total_laps": 30, "valid_laps": 22, "valid_laps_percentage": 73.33, "average_lap_time": 121572.63636363637, "valid_average_lap_time": 121572.63636363637, "fastest_lap": 120185, "fastest_s1": 35365, "fastest_s2": 50525, "fastest_s3": 34010, "optimal_lap": 119900, "std_deviation": 10753.790605465912, "valid_std_deviation": 2064.7213935299924, "last_lap_time_stamp": 2674598, "last_lap_position": 10, "driver_laps": [130325, 121970, 121027, 120337, 120962, 121242, 121997, 121307, 121902, 121217, 121930, 122257, 122672, 127000, 179697, 121227, 120985, 120337, 120185, 120997, 120540, 120627, 121082, 120885, 120247, 123782, 121595, 122245, 121740, 121882]}, "Dustin Fletcher (FLE)": {"total_laps": 30, "valid_laps": 26, "valid_laps_percentage": 86.67, "average_lap_time": 121797.65384615384, "valid_average_lap_time": 121797.65384615384, "fastest_lap": 120592, "fastest_s1": 35462, "fastest_s2": 50707, "fastest_s3": 34067, "optimal_lap": 120236, "std_deviation": 10182.03251823028, "valid_std_deviation": 1819.525211527616, "last_lap_time_stamp": 3166739, "last_lap_position": 11, "driver_laps": [130245, 121572, 121545, 121887, 121872, 125487, 122465, 122085, 121142, 121907, 121315, 121375, 121752, 121665, 122997, 126002, 176782, 121207, 122022, 121165, 120965, 120965, 120862, 120780, 120635, 120592, 120905, 121317, 121997, 121075]}, "Karl Maurer (MAU)": {"total_laps": 30, "valid_laps": 17, "valid_laps_percentage": 56.67, "average_lap_time": 120992.58823529411, "valid_average_lap_time": 120992.58823529411, "fastest_lap": 119497, "fastest_s1": 35147, "fastest_s2": 50312, "fastest_s3": 33787, "optimal_lap": 119246, "std_deviation": 11479.376541202604, "valid_std_deviation": 1077.1143195375973, "last_lap_time_stamp": 2056874, "last_lap_position": 12, "driver_laps": [133717, 122800, 134797, 124352, 122522, 121150, 120327, 122010, 120955, 122162, 121072, 121030, 121330, 127507, 181822, 120120, 120085, 119740, 119897, 119497, 120187, 121475, 120245, 120510, 119915, 121080, 120610, 120202, 122265, 122425]}, "Chase Gordon (GOR)": {"total_laps": 30, "valid_laps": 22, "valid_laps_percentage": 73.33, "average_lap_time": 120436.36363636363, "valid_average_lap_time": 120436.36363636363, "fastest_lap": 119790, "fastest_s1": 35022, "fastest_s2": 50297, "fastest_s3": 34047, "optimal_lap": 119366, "std_deviation": 15538.064378520075, "valid_std_deviation": 596.3188301455415, "last_lap_time_stamp": 2649600, "last_lap_position": 13, "driver_laps": [128932, 120330, 120092, 119790, 119835, 121637, 120615, 120190, 149792, 201377, 122422, 120505, 120210, 120127, 120517, 120195, 120612, 122157, 120155, 120097, 119835, 120425, 120757, 121927, 120000, 121640, 120477, 120002, 119987, 120732]}, "Alex Schimbeno (SCH)": {"total_laps": 29, "valid_laps": 23, "valid_laps_percentage": 79.31, "average_lap_time": 121687.78260869565, "valid_average_lap_time": 121687.78260869565, "fastest_lap": 119617, "fastest_s1": 35387, "fastest_s2": 50075, "fastest_s3": 33780, "optimal_lap": 119242, "std_deviation": 14752.055682584341, "valid_std_deviation": 2457.3043241531923, "last_lap_time_stamp": 2798819, "last_lap_position": 18,