{"Gold": {"Christopher Larson (LAR)": {"total_laps": 34, "valid_laps": 30, "valid_laps_percentage": 88.24, "average_lap_time": 106934.8, "valid_average_lap_time": 106934.8, "fastest_lap": 105525, "fastest_s1": 33352, "fastest_s2": 37885, "fastest_s3": 34250, "optimal_lap": 105487, "std_deviation": 8448.737746012197, "valid_std_deviation": 1294.0919702966273, "last_lap_time_stamp": 3208044, "last_lap_position": 1, "driver_laps": [112055, 107807, 107087, 107402, 106697, 106825, 107197, 107517, 107207, 107430, 107177, 107515, 107680, 107055, 107855, 106985, 106812, 154750, 112547, 106192, 105800, 105740, 105525, 106675, 105847, 105825, 105670, 106187, 105890, 106165, 105980, 106130, 117440, 109312]}, "Kenneth Portis II (POR)": {"total_laps": 34, "valid_laps": 32, "valid_laps_percentage": 94.12, "average_lap_time": 107361.15625, "valid_average_lap_time": 107361.15625, "fastest_lap": 106727, "fastest_s1": 33707, "fastest_s2": 38175, "fastest_s3": 34675, "optimal_lap": 106557, "std_deviation": 8380.349297416087, "valid_std_deviation": 787.5410121169112, "last_lap_time_stamp": 3435557, "last_lap_position": 2, "driver_laps": [111282, 107662, 107417, 107242, 107432, 107322, 107410, 107322, 107030, 107477, 107347, 107545, 107590, 107652, 155840, 113300, 106930, 106997, 108000, 107255, 106887, 106827, 106782, 106727, 107850, 107212, 106772, 106730, 107010, 107072, 106985, 107457, 107257, 107077]}, "Jonathan Clifford (CLI)": {"total_laps": 34, "valid_laps": 32, "valid_laps_percentage": 94.12, "average_lap_time": 107370.03125, "valid_average_lap_time": 107370.03125, "fastest_lap": 106545, "fastest_s1": 33567, "fastest_s2": 38180, "fastest_s3": 34560, "optimal_lap": 106307, "std_deviation": 8360.148930487345, "valid_std_deviation": 818.8524024856076, "last_lap_time_stamp": 3435841, "last_lap_position": 3, "driver_laps": [111452, 107762, 107317, 107447, 107377, 107257, 107307, 107452, 107192, 107495, 107232, 107507, 155670, 113750, 107247, 107510, 107200, 106797, 107847, 107547, 106825, 106980, 106760, 106545, 107850, 107470, 106745, 106657, 107025, 106892, 106945, 107530, 107290, 107382]}, "Kyle Easton (EAS)": {"total_laps": 34, "valid_laps": 29, "valid_laps_percentage": 85.29, "average_lap_time": 107745.3448275862, "valid_average_lap_time": 107745.3448275862, "fastest_lap": 106407, "fastest_s1": 33685, "fastest_s2": 38017, "fastest_s3": 34685, "optimal_lap": 106387, "std_deviation": 9634.960701073458, "valid_std_deviation": 1019.8812352377838, "last_lap_time_stamp": 3124615, "last_lap_position": 4, "driver_laps": [112132, 107992, 108772, 107385, 107812, 107572, 107202, 107915, 107532, 107592, 108177, 107960, 107932, 107580, 107782, 163565, 113567, 107825, 107345, 106900, 107217, 106985, 109242, 108520, 107610, 106407, 107365, 108410, 107262, 106982, 107852, 107290, 107160, 107305]}, "Dale Rodman Jr III (ROD)": {"total_laps": 34, "valid_laps": 28, "valid_laps_percentage": 82.35, "average_lap_time": 109070.28571428571, "valid_average_lap_time": 109070.28571428571, "fastest_lap": 107727, "fastest_s1": 34022, "fastest_s2": 38467, "fastest_s3": 35052, "optimal_lap": 107541, "std_deviation": 8837.92494237123, "valid_std_deviation": 1836.248729563998, "last_lap_time_stamp": 3053968, "last_lap_position": 5, "driver_laps": [117185, 110090, 109847, 109020, 108435, 107952, 109240, 108752, 109937, 108922, 109417, 108825, 109937, 108767, 108870, 109605, 159410, 116340, 108345, 108222, 108032, 108010, 107727, 108037, 108032, 108192, 108542, 108105, 108595, 108735, 108322, 108510, 109022, 112375]}, "Matt Lung (LUN)": {"total_laps": 34, "valid_laps": 29, "valid_laps_percentage": 85.29, "average_lap_time": 108978.10344827586, "valid_average_lap_time": 108978.10344827586, "fastest_lap": 108012, "fastest_s1": 34087, "fastest_s2": 38510, "fastest_s3": 34775, "optimal_lap": 107372, "std_deviation": 14233.348732056776, "valid_std_deviation": 1383.993841460998, "last_lap_time_stamp": 3160365, "last_lap_position": 9, "driver_laps": [115312, 111057, 109665, 109510, 108300, 108570, 108245, 108355, 108510, 108232, 191622, 115122, 108840, 109940, 108687, 108487, 108210, 108140, 108587, 109155, 108410, 108100, 108565, 108615, 108557, 109250, 108185, 108012, 109765, 109075, 108972, 108605, 109020, 109287]}, "Sean Collis (COL)": {"total_laps": 34, "valid_laps": 28, "valid_laps_percentage": 82.35, "average_lap_time": 109292.89285714286, "valid_average_lap_time": 109292.89285714286, "fastest_lap": 107610, "fastest_s1": 33875, "fastest_s2": 38490, "fastest_s3": 35152, "optimal_lap": 107517, "std_deviation": 12235.196852908079, "valid_std_deviation": 1356.6828101492615, "last_lap_time_stamp": 3060201, "last_lap_position": 10, "driver_laps": [115047, 111197, 110522, 112410, 109440, 110487, 108735, 119772, 109460, 109567, 109847, 109925, 179782, 115885, 109047, 109432, 108525, 108537, 107610, 108980, 108410, 109437, 108687, 107955, 108372, 108440, 108837, 108452, 109250, 109445, 108615, 108585, 108665, 109590]}, "Karl Maurer (MAU)": {"total_laps": 34, "valid_laps": 28, "valid_laps_percentage": 82.35, "average_lap_time": 109338.60714285714, "valid_average_lap_time": 109338.60714285714, "fastest_lap": 108047, "fastest_s1": 33872, "fastest_s2": 38690, "fastest_s3": 35290, "optimal_lap": 107852, "std_deviation": 11191.107621097544, "valid_std_deviation": 983.624301180596, "last_lap_time_stamp": 3061481, "last_lap_position": 11, "driver_laps": [128975, 110072, 111975, 109807, 110680, 109862, 110545, 111082, 110537, 109212, 108490, 110157, 108797, 171777, 116522, 108832, 108262, 108957, 108650, 108695, 108595, 108602, 108697, 108047, 108727, 108647, 108890, 108367, 108417, 110250, 108440, 109202, 110655, 108947]}, "Alex Schimbeno (SCH)": {"total_laps": 33, "valid_laps": 21, "valid_laps_percentage": 63.64, "average_lap_time": 108573.52380952382, "valid_average_lap_time": 108573.52380952382, "fastest_lap": 107332, "fastest_s1": 33862, "fastest_s2": 38350, "fastest_s3": 34792, "optimal_lap": 107004, "std_deviation": 13111.23004581927, "valid_std_deviation": 1010.2862772030321, "last_lap_time_stamp": 2280044, "last_lap_position": 12, "driver_laps": [115572, 110282, 108577, 109585, 118212, 108885, 108687, 108557, 108095, 107737, 115697, 108582, 181205, 113757, 130447, 110205, 108425, 107527, 108790, 107477, 107332, 108162, 108020, 108300, 111120, 107597, 108310, 107907, 108482, 108325, 109917, 111262, 112375]}, "Toby Yao (YAO)": {"total_laps": 33, "valid_laps": 26, "valid_laps_percentage": 78.79, "average_lap_time": 109134.76923076923, "valid_average_lap_time": 109134.76923076923, "fastest_lap": 106852, "fastest_s1": 33915, "fastest_s2": 38077, "fastest_s3": 34620, "optimal_lap": 106612, "std_deviation": 11132.351330846916, "valid_std_deviation": 2722.0263526673257, "last_lap_time_stamp": 2837504, "last_lap_position": 12, "driver_laps": [120450, 112960, 111710, 129122, 109142, 110470, 108982, 109015, 109865, 109212, 110580, 108592, 108395, 108667, 165695, 114387, 108197, 108360, 107485, 107627, 107720, 107795, 106970, 107602, 106852, 107757, 107422, 130722, 108002, 107495, 110382, 108025, 108005]}, "Jeremy Wirges (WIR)": {"total_laps": 33, "valid_laps": 19, "valid_laps_percentage": 57.58, "average_lap_time": 110169.0, "valid_average_lap_time": 110169.0, "fastest_lap": 107562, "fastest_s1": 34007, "fastest_s2": 38507, "fastest_s3": 34922, "optimal_lap": 107436, "std_deviation": 11134.43271302625, "valid_std_deviation": 1682.6924192429756, "last_lap_time_stamp": 2093211, "last_lap_position": 15, "driver_laps": [126512, 111415, 111672, 113165, 110500, 111070, 112030, 111025, 111565, 112530, 113562, 111187, 110805, 111182, 110687, 112350, 111925, 112270, 112480, 171837, 120447, 109490, 109010, 111212, 107562, 108222, 108870, 108330, 107707, 108070, 108302, 109450, 108757]}, "Sara Liu (LIU)": {"total_laps": 33, "valid_laps": 21, "valid_laps_percentage": 63.64, "average_lap_time": 108585.80952380953, "valid_average_lap_time": 108585.80952380953, "fastest_lap": 107120, "fastest_s1": 33730, "fastest_s2": 38385,