{"Gold": {"Christopher Larson (LAR)": {"total_laps": 33, "valid_laps": 30, "valid_laps_percentage": 90.91, "average_lap_time": 138904.16666666666, "valid_average_lap_time": 138904.16666666666, "fastest_lap": 137245, "fastest_s1": 40585, "fastest_s2": 60167, "fastest_s3": 36302, "optimal_lap": 137054, "std_deviation": 15998.91789244406, "valid_std_deviation": 5838.588764793066, "last_lap_time_stamp": 4167125, "last_lap_position": 1, "driver_laps": [169685, 137960, 137422, 139870, 137715, 139112, 137660, 137555, 137435, 137527, 137737, 137792, 138135, 137805, 138030, 138187, 145010, 225010, 137902, 137497, 137372, 137657, 137245, 137525, 137392, 137422, 137787, 137467, 137922, 137795, 137630, 138005, 138537]}, "Jonathan Clifford (CLI)": {"total_laps": 33, "valid_laps": 26, "valid_laps_percentage": 78.79, "average_lap_time": 138162.07692307694, "valid_average_lap_time": 138162.07692307694, "fastest_lap": 137452, "fastest_s1": 40582, "fastest_s2": 60370, "fastest_s3": 36362, "optimal_lap": 137314, "std_deviation": 15717.747578374581, "valid_std_deviation": 523.6027443073173, "last_lap_time_stamp": 3592214, "last_lap_position": 2, "driver_laps": [169090, 137875, 137625, 139710, 137815, 139265, 137980, 137892, 137452, 137767, 138822, 138492, 138035, 137922, 137990, 144857, 223987, 138232, 137760, 137582, 138317, 138247, 138005, 138030, 138077, 138120, 137895, 137950, 138692, 138457, 138250, 138582, 139017]}, "Kenneth Portis II (POR)": {"total_laps": 33, "valid_laps": 26, "valid_laps_percentage": 78.79, "average_lap_time": 139572.11538461538, "valid_average_lap_time": 139572.11538461538, "fastest_lap": 137600, "fastest_s1": 40575, "fastest_s2": 60590, "fastest_s3": 36355, "optimal_lap": 137520, "std_deviation": 16023.802970822104, "valid_std_deviation": 6287.837239158934, "last_lap_time_stamp": 3628875, "last_lap_position": 3, "driver_laps": [170367, 138762, 138130, 138427, 138222, 138475, 138152, 138505, 138075, 137870, 138575, 138407, 138230, 138557, 138437, 138560, 138687, 145702, 225582, 138297, 137762, 137870, 138277, 137600, 138200, 138552, 138175, 137995, 138220, 138167, 138522, 138747, 138610]}, "Chase Gordon (GOR)": {"total_laps": 33, "valid_laps": 26, "valid_laps_percentage": 78.79, "average_lap_time": 140517.38461538462, "valid_average_lap_time": 140517.38461538462, "fastest_lap": 138397, "fastest_s1": 41047, "fastest_s2": 60472, "fastest_s3": 36777, "optimal_lap": 138296, "std_deviation": 15858.52304654513, "valid_std_deviation": 6144.190284012519, "last_lap_time_stamp": 3653452, "last_lap_position": 4, "driver_laps": [170502, 139217, 139890, 139197, 138992, 139152, 139052, 139145, 139555, 139402, 139105, 140525, 141282, 140030, 139267, 139327, 147430, 225895, 139015, 138397, 138412, 139580, 138650, 139260, 139205, 139865, 139057, 139077, 139060, 139497, 139827, 139505, 140097]}, "Sara Liu (LIU)": {"total_laps": 33, "valid_laps": 18, "valid_laps_percentage": 54.55, "average_lap_time": 140326.22222222222, "valid_average_lap_time": 140326.22222222222, "fastest_lap": 137512, "fastest_s1": 40602, "fastest_s2": 60425, "fastest_s3": 36385, "optimal_lap": 137412, "std_deviation": 18237.79194498087, "valid_std_deviation": 7256.6305465339, "last_lap_time_stamp": 2525872, "last_lap_position": 7, "driver_laps": [169290, 137952, 137512, 139755, 137802, 166450, 237460, 138612, 138230, 138647, 138332, 138130, 138152, 138080, 138047, 138790, 140290, 138707, 139117, 139030, 138992, 139607, 138507, 139052, 138592, 138850, 142457, 140110, 140017, 140682, 140265, 139502, 139662]}, "Alex Schimbeno (SCH)": {"total_laps": 33, "valid_laps": 23, "valid_laps_percentage": 69.7, "average_lap_time": 141497.04347826086, "valid_average_lap_time": 141497.04347826086, "fastest_lap": 139300, "fastest_s1": 40937, "fastest_s2": 61552, "fastest_s3": 36645, "optimal_lap": 139134, "std_deviation": 15950.278487938793, "valid_std_deviation": 6401.20497518923, "last_lap_time_stamp": 3254432, "last_lap_position": 8, "driver_laps": [170722, 140005, 139615, 139695, 139327, 140602, 140672, 140312, 139650, 140365, 140327, 140075, 140825, 139872, 139300, 140815, 147890, 227437, 139772, 139362, 139385, 139940, 139997, 140820, 139995, 139527, 139642, 140507, 140207, 141547, 140400, 141300, 141377]}, "Toby Yao (YAO)": {"total_laps": 33, "valid_laps": 20, "valid_laps_percentage": 60.61, "average_lap_time": 141365.85, "valid_average_lap_time": 141365.85, "fastest_lap": 138290, "fastest_s1": 40530, "fastest_s2": 60780, "fastest_s3": 36465, "optimal_lap": 137775, "std_deviation": 16530.073298041854, "valid_std_deviation": 7532.491984903242, "last_lap_time_stamp": 2827317, "last_lap_position": 9, "driver_laps": [171785, 142220, 139450, 141272, 139852, 140722, 139180, 139905, 138865, 139142, 140580, 139142, 139185, 139052, 138752, 146892, 229812, 140922, 149150, 138367, 138555, 138290, 139767, 141877, 142367, 138682, 138837, 138967, 140650, 139995, 138870, 139090, 138782]}, "Kaler Nicholson (NIC)": {"total_laps": 33, "valid_laps": 23, "valid_laps_percentage": 69.7, "average_lap_time": 141298.95652173914, "valid_average_lap_time": 141298.95652173914, "fastest_lap": 139240, "fastest_s1": 40802, "fastest_s2": 61190, "fastest_s3": 36695, "optimal_lap": 138687, "std_deviation": 16686.600716888042, "valid_std_deviation": 6443.650458032034, "last_lap_time_stamp": 3249876, "last_lap_position": 9, "driver_laps": [170772, 139732, 139920, 139800, 139240, 140157, 139860, 139665, 139892, 139520, 140347, 140305, 139600, 140342, 139982, 141080, 139750, 148125, 231462, 139632, 139127, 139455, 139707, 140647, 140482, 139435, 139762, 140015, 140352, 141442, 140712, 141285, 152217]}, "Matt Lung (LUN)": {"total_laps": 33, "valid_laps": 13, "valid_laps_percentage": 39.39, "average_lap_time": 143464.53846153847, "valid_average_lap_time": 143464.53846153847, "fastest_lap": 140422, "fastest_s1": 41147, "fastest_s2": 61797, "fastest_s3": 36980, "optimal_lap": 139924, "std_deviation": 16213.067765577622, "valid_std_deviation": 8423.728960654189, "last_lap_time_stamp": 1865039, "last_lap_position": 14, "driver_laps": [171440, 142327, 142090, 141717, 141080, 140525, 140597, 141097, 141922, 140477, 142027, 141625, 141057, 141177, 140810, 141152, 148372, 230232, 141685, 140655, 139830, 140287, 141270, 146372, 140422, 140950, 141037, 141167, 141352, 140632, 141215, 142057, 141722]}, "Dale Rodman Jr III (ROD)": {"total_laps": 33, "valid_laps": 20, "valid_laps_percentage": 60.61, "average_lap_time": 142709.6, "valid_average_lap_time": 142709.6, "fastest_lap": 139912, "fastest_s1": 41250, "fastest_s2": 61337, "fastest_s3": 36965, "optimal_lap": 139552, "std_deviation": 16070.628525674634, "valid_std_deviation": 7161.150160487674, "last_lap_time_stamp": 2854192, "last_lap_position": 15, "driver_laps": [172815, 145005, 141727, 141587, 140707, 141367, 140395, 140337, 140697, 140410, 140970, 140705, 140702, 141405, 140970, 140590, 149275, 228727, 141197, 140540, 139912, 140152, 140907, 141345, 141142, 142115, 141280, 140855, 145275, 141092, 141367, 141157, 141405]}, "Karl Maurer (MAU)": {"total_laps": 33, "valid_laps": 19, "valid_laps_percentage": 57.58, "average_lap_time": 142315.68421052632, "valid_average_lap_time": 142315.68421052632, "fastest_lap": 139497, "fastest_s1": 40915, "fastest_s2": 61860, "fastest_s3": 36667, "optimal_lap": 139442, "std_deviation": 17209.528806794624, "valid_std_deviation": 7297.7840704683285, "last_lap_time_stamp": 2703998, "last_lap_position": 15, "driver_laps": [172277, 156810, 140685, 145240, 147417, 142455, 142827, 140350, 141375, 140742, 141682, 141462, 141237, 140790, 141615, 140802, 149237, 234842, 140237, 140200, 139882, 140675, 140457, 139825, 139952, 140010, 140312, 139855, 140392, 139497, 140157, 141355, 140685]}, "Jeremy Wirges (WIR)": {"total_laps": 32, "valid_laps": 16, "valid_laps_percentage": 50.0, "average_lap_time": 143764.0625, "valid_average_lap_time": 143764.0625, "fastest_lap": 140130, "fastest_s1": 41072, "fastest_s2": 61815, "fastest_s3": 36895, "optimal_lap": 139782,