{"Gold": {"Kenneth Portis II (POR)": {"total_laps": 27, "valid_laps": 27, "valid_laps_percentage": 100.0, "average_lap_time": 102261.07407407407, "valid_average_lap_time": 102261.07407407407, "fastest_lap": 101622, "fastest_s1": 31085, "fastest_s2": 40290, "fastest_s3": 30130, "optimal_lap": 101505, "std_deviation": 1176.330537206075, "valid_std_deviation": 1176.330537206075, "last_lap_time_stamp": 2761049, "last_lap_position": 1, "driver_laps": [107982, 102417, 102062, 101855, 101762, 101985, 101707, 101622, 101725, 101877, 102020, 101765, 101955, 101815, 101947, 102162, 101982, 102150, 101977, 102772, 102110, 102085, 101935, 102245, 102620, 102015, 102500]}, "Christopher Larson (LAR)": {"total_laps": 27, "valid_laps": 25, "valid_laps_percentage": 92.59, "average_lap_time": 102257.52, "valid_average_lap_time": 102257.52, "fastest_lap": 101097, "fastest_s1": 30955, "fastest_s2": 40072, "fastest_s3": 30070, "optimal_lap": 101097, "std_deviation": 1462.2400779571203, "valid_std_deviation": 1520.7762853227296, "last_lap_time_stamp": 2556438, "last_lap_position": 2, "driver_laps": [109247, 102017, 101605, 101627, 101767, 101737, 103035, 101097, 101337, 101345, 101912, 101725, 101862, 101825, 101995, 102117, 102040, 101985, 102067, 102690, 102382, 101942, 101942, 102065, 102757, 102072, 102335]}, "Jonathan Clifford (CLI)": {"total_laps": 27, "valid_laps": 24, "valid_laps_percentage": 88.89, "average_lap_time": 102312.41666666667, "valid_average_lap_time": 102312.41666666667, "fastest_lap": 101560, "fastest_s1": 31140, "fastest_s2": 40150, "fastest_s3": 30087, "optimal_lap": 101377, "std_deviation": 1271.735488946563, "valid_std_deviation": 1340.0557391608645, "last_lap_time_stamp": 2455498, "last_lap_position": 3, "driver_laps": [108320, 102460, 102062, 101867, 101622, 102097, 103675, 102072, 101970, 101747, 101810, 101560, 101682, 101932, 101965, 102037, 101870, 101872, 101962, 102157, 102857, 102285, 102135, 101877, 102097, 101962, 102157]}, "Kyle Easton (EAS)": {"total_laps": 27, "valid_laps": 27, "valid_laps_percentage": 100.0, "average_lap_time": 102563.74074074074, "valid_average_lap_time": 102563.74074074074, "fastest_lap": 101707, "fastest_s1": 31115, "fastest_s2": 40412, "fastest_s3": 30152, "optimal_lap": 101679, "std_deviation": 1142.9767005025683, "valid_std_deviation": 1142.9767005025683, "last_lap_time_stamp": 2769221, "last_lap_position": 4, "driver_laps": [108002, 102572, 102837, 102010, 102232, 102082, 102270, 101707, 102032, 102562, 102090, 102100, 102245, 102422, 102135, 102272, 102377, 102332, 102827, 102055, 102355, 103565, 102187, 102392, 102387, 102402, 102772]}, "Toby Yao (YAO)": {"total_laps": 27, "valid_laps": 25, "valid_laps_percentage": 92.59, "average_lap_time": 102705.12, "valid_average_lap_time": 102705.12, "fastest_lap": 102017, "fastest_s1": 31070, "fastest_s2": 40557, "fastest_s3": 30167, "optimal_lap": 101794, "std_deviation": 1359.534150145963, "valid_std_deviation": 1412.255740532382, "last_lap_time_stamp": 2567628, "last_lap_position": 5, "driver_laps": [109120, 103257, 102410, 102510, 102610, 102620, 103812, 102292, 102190, 102072, 102440, 102365, 102452, 102125, 102137, 102407, 102205, 102122, 102305, 102017, 102282, 102162, 102467, 103555, 102047, 102127, 102292]}, "Trevor Scales (SCA)": {"total_laps": 27, "valid_laps": 20, "valid_laps_percentage": 74.07, "average_lap_time": 103634.05, "valid_average_lap_time": 103634.05, "fastest_lap": 102645, "fastest_s1": 31362, "fastest_s2": 40695, "fastest_s3": 30370, "optimal_lap": 102427, "std_deviation": 1328.8006523889028, "valid_std_deviation": 1248.6265918157733, "last_lap_time_stamp": 2072681, "last_lap_position": 6, "driver_laps": [108400, 103040, 104645, 103422, 102920, 103227, 103507, 103037, 103870, 103412, 102645, 102885, 103007, 103037, 103137, 103495, 103892, 107497, 104280, 103205, 102860, 103157, 103005, 103140, 104460, 102975, 103700]}, "Dale Rodman Jr III (ROD)": {"total_laps": 27, "valid_laps": 26, "valid_laps_percentage": 96.3, "average_lap_time": 103719.88461538461, "valid_average_lap_time": 103719.88461538461, "fastest_lap": 102867, "fastest_s1": 31357, "fastest_s2": 40735, "fastest_s3": 30597, "optimal_lap": 102689, "std_deviation": 1327.808808062829, "valid_std_deviation": 1345.426157822809, "last_lap_time_stamp": 2696717, "last_lap_position": 7, "driver_laps": [109972, 104217, 103187, 103545, 103690, 103057, 102867, 102922, 102925, 103980, 103282, 103392, 103600, 103805, 102930, 103162, 103345, 104365, 103725, 103370, 103135, 102972, 103520, 102940, 104117, 103970, 103665]}, "Karl Maurer (MAU)": {"total_laps": 27, "valid_laps": 23, "valid_laps_percentage": 85.19, "average_lap_time": 103832.43478260869, "valid_average_lap_time": 103832.43478260869, "fastest_lap": 102497, "fastest_s1": 31330, "fastest_s2": 40440, "fastest_s3": 30235, "optimal_lap": 102005, "std_deviation": 1523.0413969640144, "valid_std_deviation": 1632.8463109242139, "last_lap_time_stamp": 2388146, "last_lap_position": 8, "driver_laps": [110005, 103940, 102765, 102737, 102707, 103445, 103495, 102900, 104005, 103462, 102497, 102900, 102925, 103150, 103010, 102905, 103830, 104335, 104030, 103160, 103625, 103267, 103242, 104865, 106832, 104210, 103292]}, "Alex Schimbeno (SCH)": {"total_laps": 27, "valid_laps": 26, "valid_laps_percentage": 96.3, "average_lap_time": 103481.46153846153, "valid_average_lap_time": 103481.46153846153, "fastest_lap": 102765, "fastest_s1": 31255, "fastest_s2": 40867, "fastest_s3": 30465, "optimal_lap": 102587, "std_deviation": 3383.3750045852767, "valid_std_deviation": 1139.8306972798805, "last_lap_time_stamp": 2690518, "last_lap_position": 10, "driver_laps": [108832, 120075, 102765, 103732, 103285, 103040, 102772, 103957, 103085, 103120, 102867, 102930, 102925, 103492, 103347, 104080, 103035, 103212, 103212, 103657, 103267, 103217, 103490, 103325, 103217, 103440, 103217]}, "Sean Collis (COL)": {"total_laps": 27, "valid_laps": 21, "valid_laps_percentage": 77.78, "average_lap_time": 104174.47619047618, "valid_average_lap_time": 104174.47619047618, "fastest_lap": 103307, "fastest_s1": 31232, "fastest_s2": 41045, "fastest_s3": 30622, "optimal_lap": 102899, "std_deviation": 1265.6181220135995, "valid_std_deviation": 1393.2140402338623, "last_lap_time_stamp": 2187664, "last_lap_position": 12, "driver_laps": [110012, 104887, 103955, 103782, 103790, 103630, 103327, 103450, 103307, 104360, 104377, 103587, 104630, 103757, 103725, 103467, 103735, 104157, 104190, 103990, 103430, 103915, 105505, 103857, 103825, 104292, 103930]}, "Cedric Couturier (COU)": {"total_laps": 27, "valid_laps": 19, "valid_laps_percentage": 70.37, "average_lap_time": 104481.68421052632, "valid_average_lap_time": 104481.68421052632, "fastest_lap": 103480, "fastest_s1": 31382, "fastest_s2": 41007, "fastest_s3": 30587, "optimal_lap": 102976, "std_deviation": 1329.5579315875234, "valid_std_deviation": 1291.329205492954, "last_lap_time_stamp": 1985152, "last_lap_position": 13, "driver_laps": [109320, 105365, 103797, 103555, 103480, 103595, 103252, 103800, 103527, 104517, 104450, 103795, 104582, 104192, 108057, 104995, 104657, 104082, 104430, 103992, 103960, 104647, 103825, 103835, 104890, 104175, 105060]}, "PE Longuez (LON)": {"total_laps": 27, "valid_laps": 19, "valid_laps_percentage": 70.37, "average_lap_time": 104818.15789473684, "valid_average_lap_time": 104818.15789473684, "fastest_lap": 103492, "fastest_s1": 31480, "fastest_s2": 41067, "fastest_s3": 30807, "optimal_lap": 103354, "std_deviation": 2092.8863947998852, "valid_std_deviation": 1081.079463784945, "last_lap_time_stamp": 1991545, "last_lap_position": 18, "driver_laps": [111072, 105697, 104330, 104610, 104947, 104757, 103557, 104075, 105272, 104537, 104300, 104467, 105475, 105300, 104397, 103492, 105615, 103990, 105065, 104435, 105092, 107357, 104505, 110477, 105127, 108565, 110282]}}, "Silver": {"Greg Lynskey (LYN)": {"total_laps": 54, "valid_laps": 50, "valid_laps_percentage": 92.59, "average_lap_time": 104692.6,