{"Multiclass": {"Louie Sanz (SAN)": {"total_laps": 46, "valid_laps": 20, "valid_laps_percentage": 43.48, "average_lap_time": 120126.0, "valid_average_lap_time": 120126.0, "fastest_lap": 118492, "fastest_s1": 29527, "fastest_s2": 46405, "fastest_s3": 41360, "optimal_lap": 117292, "std_deviation": 12458.911241736518, "valid_std_deviation": 958.1423913517568, "last_lap_time_stamp": 2402520, "last_lap_position": 23, "driver_laps": [115825, 128545, 180007, 119825, 118795, 120815, 127057, 120077, 119660, 119972, 120515, 121060, 121030, 122607, 122742, 124665, 121747, 120585, 119852, 120042, 118492, 120477, 118380, 115825, 128545, 180007, 119825, 118795, 120815, 127057, 120077, 119660, 119972, 120515, 121060, 121030, 122607, 122742, 124665, 121747, 120585, 119852, 120042, 118492, 120477, 118380]}, "Kenneth Portis II (POR)": {"total_laps": 25, "valid_laps": 22, "valid_laps_percentage": 88.0, "average_lap_time": 103788.63636363637, "valid_average_lap_time": 103788.63636363637, "fastest_lap": 96275, "fastest_s1": 24395, "fastest_s2": 37847, "fastest_s3": 34005, "optimal_lap": 96247, "std_deviation": 10939.181884095964, "valid_std_deviation": 2722.464736672312, "last_lap_time_stamp": 2283350, "last_lap_position": 1, "driver_laps": [99012, 96275, 97685, 111330, 156812, 103702, 105487, 105390, 105902, 105295, 104522, 105582, 105222, 104715, 104607, 105672, 106102, 103910, 103832, 104112, 104300, 103595, 107292, 103357, 103172]}, "Kaler Nicholson (NIC)": {"total_laps": 25, "valid_laps": 19, "valid_laps_percentage": 76.0, "average_lap_time": 103751.63157894737, "valid_average_lap_time": 103751.63157894737, "fastest_lap": 96707, "fastest_s1": 24237, "fastest_s2": 38445, "fastest_s3": 34025, "optimal_lap": 96707, "std_deviation": 11420.054541901278, "valid_std_deviation": 2610.503531899254, "last_lap_time_stamp": 1971281, "last_lap_position": 2, "driver_laps": [100950, 96707, 98365, 112940, 159547, 103937, 105407, 106890, 106927, 105542, 105412, 106700, 104100, 104625, 104530, 105862, 104810, 103652, 103270, 103592, 104882, 102827, 104335, 103880, 105670]}, "Matt Lung (LUN)": {"total_laps": 25, "valid_laps": 14, "valid_laps_percentage": 56.0, "average_lap_time": 104203.64285714286, "valid_average_lap_time": 104203.64285714286, "fastest_lap": 96927, "fastest_s1": 24177, "fastest_s2": 38157, "fastest_s3": 34592, "optimal_lap": 96926, "std_deviation": 12472.683330916941, "valid_std_deviation": 2338.5021704285205, "last_lap_time_stamp": 1458851, "last_lap_position": 3, "driver_laps": [99875, 96030, 96927, 111712, 162177, 102507, 106540, 107567, 105320, 105682, 104235, 104852, 104585, 105370, 105205, 106637, 105525, 105122, 103112, 103682, 104630, 103065, 113192, 123025, 104347]}, "Trevor Scales (SCA)": {"total_laps": 25, "valid_laps": 16, "valid_laps_percentage": 64.0, "average_lap_time": 105194.8125, "valid_average_lap_time": 105194.8125, "fastest_lap": 103700, "fastest_s1": 26460, "fastest_s2": 40527, "fastest_s3": 36530, "optimal_lap": 103517, "std_deviation": 9277.271330155938, "valid_std_deviation": 980.1689799043156, "last_lap_time_stamp": 1683117, "last_lap_position": 4, "driver_laps": [105995, 104822, 105030, 105547, 103700, 110365, 106317, 106625, 115512, 106747, 116270, 150050, 105697, 105295, 104967, 105085, 106555, 105177, 106755, 105390, 104405, 104652, 105165, 103875, 104002]}, "Pierre-Etienne Longuez (LON)": {"total_laps": 25, "valid_laps": 18, "valid_laps_percentage": 72.0, "average_lap_time": 106204.55555555556, "valid_average_lap_time": 106204.55555555556, "fastest_lap": 99592, "fastest_s1": 24262, "fastest_s2": 39365, "fastest_s3": 35965, "optimal_lap": 99592, "std_deviation": 11207.888066446774, "valid_std_deviation": 2384.1614686293233, "last_lap_time_stamp": 1911682, "last_lap_position": 5, "driver_laps": [101165, 96700, 99592, 157607, 123065, 106070, 106682, 107480, 110142, 109215, 108452, 107772, 109927, 108120, 107057, 105895, 107705, 106057, 106207, 105312, 106472, 104142, 103855, 104720, 104912]}, "Alex Schimbeno (SCH)": {"total_laps": 25, "valid_laps": 20, "valid_laps_percentage": 80.0, "average_lap_time": 106050.3, "valid_average_lap_time": 106050.3, "fastest_lap": 101080, "fastest_s1": 26375, "fastest_s2": 39182, "fastest_s3": 35312, "optimal_lap": 100869, "std_deviation": 11469.347080660986, "valid_std_deviation": 2044.1593330627063, "last_lap_time_stamp": 2121006, "last_lap_position": 6, "driver_laps": [102527, 101080, 101317, 117487, 161532, 105707, 106652, 107375, 110170, 111025, 108120, 106160, 106280, 107925, 108392, 106670, 107255, 106257, 105892, 104637, 105780, 105082, 104172, 104940, 105640]}, "Kyle Easton (EAS)": {"total_laps": 25, "valid_laps": 13, "valid_laps_percentage": 52.0, "average_lap_time": 107316.84615384616, "valid_average_lap_time": 107316.84615384616, "fastest_lap": 104580, "fastest_s1": 26635, "fastest_s2": 40817, "fastest_s3": 37127, "optimal_lap": 104579, "std_deviation": 5919.970128584547, "valid_std_deviation": 1510.1888317996222, "last_lap_time_stamp": 1395119, "last_lap_position": 7, "driver_laps": [107832, 104580, 106330, 105942, 115512, 106047, 108062, 107932, 107617, 107427, 107857, 108407, 108937, 108982, 108285, 109432, 107275, 118122, 133807, 106045, 107062, 107227, 106770, 105582, 105820]}, "William Scott (SCO)": {"total_laps": 25, "valid_laps": 16, "valid_laps_percentage": 64.0, "average_lap_time": 105554.3125, "valid_average_lap_time": 105554.3125, "fastest_lap": 101225, "fastest_s1": 26047, "fastest_s2": 39775, "fastest_s3": 35367, "optimal_lap": 101189, "std_deviation": 11492.92426553544, "valid_std_deviation": 1797.0953496777329, "last_lap_time_stamp": 1688869, "last_lap_position": 8, "driver_laps": [105267, 100395, 101225, 159477, 123405, 106472, 107440, 106480, 106732, 107812, 109622, 105822, 117957, 107445, 106687, 106792, 108432, 105397, 105087, 105387, 106220, 104847, 103642, 105052, 103495]}, "Toby Yao (YAO)": {"total_laps": 25, "valid_laps": 15, "valid_laps_percentage": 60.0, "average_lap_time": 106761.13333333333, "valid_average_lap_time": 106761.13333333333, "fastest_lap": 97405, "fastest_s1": 25345, "fastest_s2": 38022, "fastest_s3": 34025, "optimal_lap": 97392, "std_deviation": 9562.806734601161, "valid_std_deviation": 3204.812115434865, "last_lap_time_stamp": 1601417, "last_lap_position": 9, "driver_laps": [102392, 97405, 99980, 148642, 126330, 106625, 107310, 111017, 110817, 107855, 109052, 108522, 108552, 108542, 107877, 106917, 107422, 108422, 107285, 106972, 108265, 107230, 105572, 106172, 106117]}, "Cedric Couturier (COU)": {"total_laps": 25, "valid_laps": 12, "valid_laps_percentage": 48.0, "average_lap_time": 106308.91666666667, "valid_average_lap_time": 106308.91666666667, "fastest_lap": 100025, "fastest_s1": 25845, "fastest_s2": 39140, "fastest_s3": 35040, "optimal_lap": 100025, "std_deviation": 11230.82613642766, "valid_std_deviation": 2545.732881021721, "last_lap_time_stamp": 1275707, "last_lap_position": 10, "driver_laps": [105255, 100025, 99442, 113820, 159630, 106965, 106995, 110005, 111387, 114890, 108542, 109400, 106757, 120997, 109942, 106857, 107332, 107532, 105815, 116787, 106595, 107030, 105052, 109542, 106407]}, "Martin Mugerian (MUG)": {"total_laps": 25, "valid_laps": 17, "valid_laps_percentage": 68.0, "average_lap_time": 107734.4705882353, "valid_average_lap_time": 107734.4705882353, "fastest_lap": 100957, "fastest_s1": 26017, "fastest_s2": 39027, "fastest_s3": 35762, "optimal_lap": 100806, "std_deviation": 12041.194373483057, "valid_std_deviation": 2779.2311463255232, "last_lap_time_stamp": 1831486, "last_lap_position": 11, "driver_laps": [104525, 100957, 101592, 164640, 126837, 108942, 109597, 107955, 108530, 109202, 110227, 110525, 109930, 109967, 109020, 108537, 109072, 108212, 107420, 106817, 107670, 108360, 107872, 108305, 108595]}, "Karl Maurer (MAU)": {"total_laps": 25, "valid_laps": 11, "valid_laps_percentage": 44.0, "average_lap_time": 106837.27272727272, "valid_average_lap_time": 106837.27272727272, "fastest_lap": 104877, "fastest_s1": 26422,