{"Multiclass": {"Trevor Scales (SCA)": {"total_laps": 23, "valid_laps": 14, "valid_laps_percentage": 60.87, "average_lap_time": 116138.64285714286, "valid_average_lap_time": 116138.64285714286, "fastest_lap": 115195, "fastest_s1": 31800, "fastest_s2": 31985, "fastest_s3": 51037, "optimal_lap": 114822, "std_deviation": 6667.980384427853, "valid_std_deviation": 963.0884300913516, "last_lap_time_stamp": 1625941, "last_lap_position": 1, "driver_laps": [119012, 115405, 115702, 115195, 115287, 115555, 115717, 116420, 115525, 115697, 115570, 125765, 146855, 115922, 116385, 116260, 116182, 116157, 116167, 116460, 117607, 116792, 116547]}, "Kaler Nicholson (NIC)": {"total_laps": 23, "valid_laps": 20, "valid_laps_percentage": 86.96, "average_lap_time": 116697.1, "valid_average_lap_time": 116697.1, "fastest_lap": 115997, "fastest_s1": 32110, "fastest_s2": 31775, "fastest_s3": 51450, "optimal_lap": 115335, "std_deviation": 7059.641688552684, "valid_std_deviation": 613.1375650571497, "last_lap_time_stamp": 2333942, "last_lap_position": 2, "driver_laps": [122207, 116832, 115997, 116295, 116127, 116112, 116272, 117400, 116810, 126342, 149335, 116732, 117112, 116067, 116642, 117012, 116600, 116292, 116797, 116087, 116707, 118452, 117597]}, "Kenneth Portis II (POR)": {"total_laps": 23, "valid_laps": 19, "valid_laps_percentage": 82.61, "average_lap_time": 116637.31578947368, "valid_average_lap_time": 116637.31578947368, "fastest_lap": 115780, "fastest_s1": 31955, "fastest_s2": 31712, "fastest_s3": 51822, "optimal_lap": 115489, "std_deviation": 8429.350159453095, "valid_std_deviation": 743.5749273036442, "last_lap_time_stamp": 2216109, "last_lap_position": 3, "driver_laps": [129682, 126810, 154620, 117835, 115842, 116685, 115780, 115995, 115997, 117087, 116270, 116180, 116150, 116367, 116705, 116900, 116532, 116715, 116895, 116195, 116827, 116970, 118867]}, "Toby Yao (YAO)": {"total_laps": 23, "valid_laps": 16, "valid_laps_percentage": 69.57, "average_lap_time": 116990.875, "valid_average_lap_time": 116990.875, "fastest_lap": 115452, "fastest_s1": 32102, "fastest_s2": 31360, "fastest_s3": 51592, "optimal_lap": 115054, "std_deviation": 12133.389501147702, "valid_std_deviation": 2388.6787945082388, "last_lap_time_stamp": 1871854, "last_lap_position": 4, "driver_laps": [125287, 117232, 116157, 115872, 115840, 115680, 116222, 117310, 116710, 116100, 116855, 125475, 173532, 117207, 115615, 116527, 119040, 115452, 115382, 115615, 115687, 127150, 116587]}, "Karl Maurer (MAU)": {"total_laps": 23, "valid_laps": 18, "valid_laps_percentage": 78.26, "average_lap_time": 118475.11111111111, "valid_average_lap_time": 118475.11111111111, "fastest_lap": 116552, "fastest_s1": 32020, "fastest_s2": 32455, "fastest_s3": 51642, "optimal_lap": 116117, "std_deviation": 6913.099388704228, "valid_std_deviation": 1496.172445585102, "last_lap_time_stamp": 2132552, "last_lap_position": 5, "driver_laps": [123710, 118692, 116830, 116552, 118430, 118495, 119015, 120195, 118487, 118692, 128955, 149680, 117180, 118220, 118032, 118712, 118427, 117512, 117482, 117117, 118692, 118275, 119325]}, "Sean Collis (COL)": {"total_laps": 23, "valid_laps": 17, "valid_laps_percentage": 73.91, "average_lap_time": 117738.41176470589, "valid_average_lap_time": 117738.41176470589, "fastest_lap": 116610, "fastest_s1": 31750, "fastest_s2": 31952, "fastest_s3": 51950, "optimal_lap": 115652, "std_deviation": 11685.551072735841, "valid_std_deviation": 1075.52423606023, "last_lap_time_stamp": 2001553, "last_lap_position": 6, "driver_laps": [120957, 118042, 117447, 117467, 117022, 116797, 117967, 120067, 119252, 118105, 128277, 173127, 116610, 116732, 117900, 116975, 118010, 117717, 116760, 118095, 117735, 117675, 116965]}, "Alex Schimbeno (SCH)": {"total_laps": 23, "valid_laps": 16, "valid_laps_percentage": 69.57, "average_lap_time": 119385.6875, "valid_average_lap_time": 119385.6875, "fastest_lap": 117955, "fastest_s1": 32827, "fastest_s2": 32422, "fastest_s3": 52610, "optimal_lap": 117859, "std_deviation": 6582.166666057829, "valid_std_deviation": 1688.598618924383, "last_lap_time_stamp": 1910171, "last_lap_position": 8, "driver_laps": [125052, 118885, 118085, 118860, 118792, 117955, 118562, 118705, 118772, 118975, 119637, 119082, 128562, 149155, 118777, 119152, 119022, 118720, 118915, 119022, 119640, 121422, 119740]}, "Pierre-Etienne Longuez (LON)": {"total_laps": 23, "valid_laps": 12, "valid_laps_percentage": 52.17, "average_lap_time": 118124.58333333333, "valid_average_lap_time": 118124.58333333333, "fastest_lap": 116640, "fastest_s1": 32397, "fastest_s2": 32142, "fastest_s3": 51662, "optimal_lap": 116201, "std_deviation": 9009.440184974887, "valid_std_deviation": 1451.4485841476585, "last_lap_time_stamp": 1417495, "last_lap_position": 9, "driver_laps": [121970, 118435, 117037, 117100, 118252, 116640, 116902, 117667, 118472, 127365, 159935, 117670, 118725, 118550, 117412, 128560, 119062, 119102, 117355, 118027, 118897, 120907, 119052]}, "Matt Lung (LUN)": {"total_laps": 23, "valid_laps": 8, "valid_laps_percentage": 34.78, "average_lap_time": 116147.875, "valid_average_lap_time": 116147.875, "fastest_lap": 115730, "fastest_s1": 31972, "fastest_s2": 32030, "fastest_s3": 50825, "optimal_lap": 114827, "std_deviation": 12702.626274000073, "valid_std_deviation": 516.2522742945407, "last_lap_time_stamp": 929183, "last_lap_position": 9, "driver_laps": [142692, 116772, 116087, 116017, 118112, 116192, 115730, 116952, 118720, 130407, 172080, 116617, 115757, 116555, 115755, 115852, 117350, 116352, 115800, 116900, 117537, 120337, 116255]}, "Cedric Couturier (COU)": {"total_laps": 23, "valid_laps": 7, "valid_laps_percentage": 30.43, "average_lap_time": 118793.71428571429, "valid_average_lap_time": 118793.71428571429, "fastest_lap": 117090, "fastest_s1": 32385, "fastest_s2": 32457, "fastest_s3": 52170, "optimal_lap": 117012, "std_deviation": 8444.129032563222, "valid_std_deviation": 1491.5906179071292, "last_lap_time_stamp": 831556, "last_lap_position": 10, "driver_laps": [121767, 117670, 117090, 118257, 116882, 116715, 128720, 118860, 119912, 129242, 157410, 119162, 119005, 118975, 118327, 119287, 119067, 119280, 121042, 118660, 119982, 118442, 119277]}, "Martin Mugerian (MUG)": {"total_laps": 22, "valid_laps": 12, "valid_laps_percentage": 54.55, "average_lap_time": 121941.75, "valid_average_lap_time": 121941.75, "fastest_lap": 119817, "fastest_s1": 33047, "fastest_s2": 32142, "fastest_s3": 53842, "optimal_lap": 119031, "std_deviation": 7337.300914059829, "valid_std_deviation": 2385.745742949152, "last_lap_time_stamp": 1463301, "last_lap_position": 11, "driver_laps": [126372, 121815, 119817, 119592, 121575, 121670, 120095, 131007, 153760, 120260, 126065, 121010, 121505, 120627, 121545, 119870, 121945, 122317, 121887, 122450, 129637, 127000]}, "Brian Zandy (ZAN)": {"total_laps": 22, "valid_laps": 12, "valid_laps_percentage": 54.55, "average_lap_time": 120985.75, "valid_average_lap_time": 120985.75, "fastest_lap": 118187, "fastest_s1": 32892, "fastest_s2": 32270, "fastest_s3": 52582, "optimal_lap": 117744, "std_deviation": 15405.53207855466, "valid_std_deviation": 2605.94715375846, "last_lap_time_stamp": 1451829, "last_lap_position": 12, "driver_laps": [128432, 121255, 122112, 120857, 119417, 119730, 120455, 127222, 120915, 123320, 122717, 120515, 129490, 192277, 120082, 120522, 118187, 119260, 117780, 119390, 120672, 119285]}, "Christopher Larson (LAR)": {"total_laps": 21, "valid_laps": 15, "valid_laps_percentage": 71.43, "average_lap_time": 130929.2, "valid_average_lap_time": 130929.2, "fastest_lap": 130292, "fastest_s1": 35905, "fastest_s2": 36567, "fastest_s3": 57657, "optimal_lap": 130129, "std_deviation": 7249.647977003862, "valid_std_deviation": 537.2560177154171, "last_lap_time_stamp": 1963938, "last_lap_position": 14, "driver_laps": [151747, 157790, 130512, 130605, 130610, 131180, 130800, 130292, 131405, 131440, 130727, 131137, 130667, 130855, 130932, 130712, 130737, 131022, 130762, 132500, 130682]},