{"Multiclass": {"Louie Sanz (SAN)": {"total_laps": 52, "valid_laps": 32, "valid_laps_percentage": 61.54, "average_lap_time": 105578.6875, "valid_average_lap_time": 105578.6875, "fastest_lap": 104560, "fastest_s1": 26412, "fastest_s2": 45592, "fastest_s3": 32035, "optimal_lap": 104039, "std_deviation": 11974.552735706297, "valid_std_deviation": 1087.3405092538933, "last_lap_time_stamp": 3378518, "last_lap_position": 22, "driver_laps": [109240, 107120, 105685, 105672, 105590, 107302, 108110, 105252, 112402, 167282, 104855, 105987, 106090, 104610, 104560, 105895, 105830, 104612, 105730, 106147, 109237, 105487, 105305, 105945, 105540, 104772, 109240, 107120, 105685, 105672, 105590, 107302, 108110, 105252, 112402, 167282, 104855, 105987, 106090, 104610, 104560, 105895, 105830, 104612, 105730, 106147, 109237, 105487, 105305, 105945, 105540, 104772]}, "Trevor Scales (SCA)": {"total_laps": 30, "valid_laps": 21, "valid_laps_percentage": 70.0, "average_lap_time": 89706.23809523809, "valid_average_lap_time": 89706.23809523809, "fastest_lap": 88757, "fastest_s1": 22462, "fastest_s2": 39190, "fastest_s3": 27075, "optimal_lap": 88727, "std_deviation": 5867.773797440647, "valid_std_deviation": 518.5937624732778, "last_lap_time_stamp": 1883831, "last_lap_position": 1, "driver_laps": [94937, 89055, 88757, 89520, 88982, 89600, 90317, 89762, 89035, 89190, 89630, 89662, 89760, 90127, 90702, 89727, 95147, 121217, 90662, 89547, 89805, 89647, 89387, 89717, 89550, 90157, 89365, 89895, 89897, 89800]}, "Kenneth Portis II (POR)": {"total_laps": 30, "valid_laps": 26, "valid_laps_percentage": 86.67, "average_lap_time": 90166.84615384616, "valid_average_lap_time": 90166.84615384616, "fastest_lap": 89290, "fastest_s1": 22285, "fastest_s2": 39255, "fastest_s3": 27600, "optimal_lap": 89140, "std_deviation": 5255.422213645461, "valid_std_deviation": 1210.455077805292, "last_lap_time_stamp": 2344338, "last_lap_position": 2, "driver_laps": [95867, 90110, 89535, 89290, 89470, 89627, 90892, 90222, 89480, 89900, 90132, 90105, 89980, 89787, 90282, 97110, 117675, 90037, 89967, 90022, 90105, 89952, 90067, 90050, 89917, 89922, 91065, 89950, 89967, 89635]}, "Kaler Nicholson (NIC)": {"total_laps": 30, "valid_laps": 25, "valid_laps_percentage": 83.33, "average_lap_time": 90339.76, "valid_average_lap_time": 90339.76, "fastest_lap": 89552, "fastest_s1": 22435, "fastest_s2": 39465, "fastest_s3": 27425, "optimal_lap": 89325, "std_deviation": 5616.371361383212, "valid_std_deviation": 434.2232797382778, "last_lap_time_stamp": 2258494, "last_lap_position": 3, "driver_laps": [95865, 90180, 89552, 90037, 89825, 90777, 90080, 90142, 90610, 89670, 90390, 90010, 90265, 90212, 95745, 120415, 90247, 90950, 89997, 91295, 89932, 90862, 90020, 90750, 90382, 90425, 90845, 90027, 90137, 90912]}, "Toby Yao (YAO)": {"total_laps": 30, "valid_laps": 16, "valid_laps_percentage": 53.33, "average_lap_time": 90262.0625, "valid_average_lap_time": 90262.0625, "fastest_lap": 89715, "fastest_s1": 22335, "fastest_s2": 39415, "fastest_s3": 27657, "optimal_lap": 89407, "std_deviation": 6353.087242643822, "valid_std_deviation": 432.7557384560795, "last_lap_time_stamp": 1444193, "last_lap_position": 4, "driver_laps": [95787, 89927, 89700, 89472, 89600, 89892, 90552, 91582, 90687, 89715, 90170, 90300, 89872, 89727, 95097, 124512, 89787, 90010, 90840, 90932, 90357, 90632, 90682, 89715, 90047, 90167, 90975, 90022, 89950, 90830]}, "Cedric Couturier (COU)": {"total_laps": 30, "valid_laps": 22, "valid_laps_percentage": 73.33, "average_lap_time": 91324.86363636363, "valid_average_lap_time": 91324.86363636363, "fastest_lap": 90405, "fastest_s1": 22670, "fastest_s2": 39377, "fastest_s3": 27712, "optimal_lap": 89759, "std_deviation": 6868.990558190173, "valid_std_deviation": 577.1101483916423, "last_lap_time_stamp": 2009147, "last_lap_position": 5, "driver_laps": [96297, 90620, 90480, 90592, 90610, 90845, 90405, 91085, 91362, 91410, 90850, 90885, 91102, 91512, 90425, 98260, 128232, 91675, 91685, 92562, 91645, 91880, 91495, 91030, 91537, 91397, 91762, 91920, 91997, 91550]}, "Matt Lung (LUN)": {"total_laps": 30, "valid_laps": 19, "valid_laps_percentage": 63.33, "average_lap_time": 91291.84210526316, "valid_average_lap_time": 91291.84210526316, "fastest_lap": 89567, "fastest_s1": 22677, "fastest_s2": 39357, "fastest_s3": 27532, "optimal_lap": 89566, "std_deviation": 7317.2379077661935, "valid_std_deviation": 1389.4495418113484, "last_lap_time_stamp": 1734545, "last_lap_position": 5, "driver_laps": [96127, 90987, 89567, 90170, 90590, 90387, 90227, 91410, 91365, 90182, 90720, 90840, 89892, 90445, 91447, 91022, 90822, 92690, 96767, 129962, 91915, 91537, 90475, 91200, 91690, 92120, 91007, 99620, 92182, 90942]}, "Karl Maurer (MAU)": {"total_laps": 30, "valid_laps": 20, "valid_laps_percentage": 66.67, "average_lap_time": 91005.5, "valid_average_lap_time": 91005.5, "fastest_lap": 89630, "fastest_s1": 22585, "fastest_s2": 39302, "fastest_s3": 27702, "optimal_lap": 89589, "std_deviation": 6250.2818845858155, "valid_std_deviation": 582.4984752634213, "last_lap_time_stamp": 1820110, "last_lap_position": 7, "driver_laps": [99112, 90397, 90860, 90545, 90412, 89630, 91592, 92155, 91027, 90905, 90530, 97547, 123792, 92065, 97047, 90812, 91030, 90932, 91072, 92027, 90867, 94690, 91342, 93202, 90725, 90817, 90965, 90402, 91250, 90687]}, "Sean Collis (COL)": {"total_laps": 30, "valid_laps": 27, "valid_laps_percentage": 90.0, "average_lap_time": 91133.77777777778, "valid_average_lap_time": 91133.77777777778, "fastest_lap": 90075, "fastest_s1": 22420, "fastest_s2": 39427, "fastest_s3": 28012, "optimal_lap": 89859, "std_deviation": 10170.92072166708, "valid_std_deviation": 1384.271519979242, "last_lap_time_stamp": 2460612, "last_lap_position": 8, "driver_laps": [97485, 90892, 90370, 90355, 90150, 90285, 92015, 91237, 91122, 91515, 90505, 91075, 91020, 90677, 91670, 97435, 146225, 90842, 90322, 90932, 90907, 90667, 91405, 90085, 90075, 92122, 90760, 91105, 90612, 91297]}, "William Scott (SCO)": {"total_laps": 30, "valid_laps": 9, "valid_laps_percentage": 30.0, "average_lap_time": 92278.11111111111, "valid_average_lap_time": 92278.11111111111, "fastest_lap": 90525, "fastest_s1": 22645, "fastest_s2": 39785, "fastest_s3": 27550, "optimal_lap": 89980, "std_deviation": 7211.057518376437, "valid_std_deviation": 2305.3559619093776, "last_lap_time_stamp": 830503, "last_lap_position": 9, "driver_laps": [97822, 92077, 91310, 90592, 91112, 91152, 91300, 91440, 93402, 91620, 90710, 91810, 97227, 128377, 91802, 91395, 90982, 91097, 91497, 91020, 90777, 90755, 92315, 91367, 90592, 93820, 90860, 91082, 90525, 104837]}, "Pierre-Etienne Longuez (LON)": {"total_laps": 30, "valid_laps": 14, "valid_laps_percentage": 46.67, "average_lap_time": 91702.57142857143, "valid_average_lap_time": 91702.57142857143, "fastest_lap": 90385, "fastest_s1": 22805, "fastest_s2": 39932, "fastest_s3": 27547, "optimal_lap": 90284, "std_deviation": 8074.265605478686, "valid_std_deviation": 712.8399015730848, "last_lap_time_stamp": 1283836, "last_lap_position": 10, "driver_laps": [105702, 90385, 92612, 93042, 91370, 91570, 92032, 93397, 91022, 91672, 91715, 91010, 91632, 99690, 133657, 91745, 91777, 91717, 91607, 91087, 91350, 91387, 91705, 92557, 92235, 91340, 91502, 93437, 91260, 91337]}, "Kyle Easton (EAS)": {"total_laps": 29, "valid_laps": 20, "valid_laps_percentage": 68.97, "average_lap_time": 91542.6, "valid_average_lap_time": 91542.6, "fastest_lap": 90555, "fastest_s1": 22670, "fastest_s2": 39722, "fastest_s3": 27927, "optimal_lap": 90319, "std_deviation": 10532.683333998308, "valid_std_deviation": 1265.3896591460214, "last_lap_time_stamp": 1830852, "last_lap_position": 12, "driver_laps": [96525, 91192, 92385, 90872, 90720, 91262, 91887, 91332, 90937, 91635, 91407, 105322, 98455, 146792, 91652, 91135, 93047, 93162, 90785, 91087, 90555, 90700, 91287, 91232, 92852, 91052, 92137, 91425, 92072]}, "Martin Mugerian (MUG)": {"total_laps": 29, "valid_laps": 22, "valid_laps_percentage": 75.86,