{"Multiclass": {"Kenneth Portis II (POR)": {"total_laps": 26, "valid_laps": 23, "valid_laps_percentage": 88.46, "average_lap_time": 90905.69565217392, "valid_average_lap_time": 90905.69565217392, "fastest_lap": 89697, "fastest_s1": 30592, "fastest_s2": 29432, "fastest_s3": 29600, "optimal_lap": 89624, "std_deviation": 6350.030608284802, "valid_std_deviation": 905.4130365741478, "last_lap_time_stamp": 2090831, "last_lap_position": 1, "driver_laps": [93320, 89885, 89697, 89802, 90202, 90237, 91952, 91602, 91137, 90300, 90370, 90085, 90197, 90405, 91372, 90592, 99405, 122157, 91867, 91332, 91160, 91692, 92155, 90965, 90505, 94625]}, "Trevor Scales (SCA)": {"total_laps": 26, "valid_laps": 18, "valid_laps_percentage": 69.23, "average_lap_time": 90293.83333333333, "valid_average_lap_time": 90293.83333333333, "fastest_lap": 88815, "fastest_s1": 30120, "fastest_s2": 29057, "fastest_s3": 29515, "optimal_lap": 88692, "std_deviation": 8542.196740075346, "valid_std_deviation": 1412.0722881845757, "last_lap_time_stamp": 1625289, "last_lap_position": 2, "driver_laps": [91665, 89177, 89947, 88980, 88815, 89560, 89855, 94455, 89887, 89517, 89127, 89740, 90637, 99837, 132877, 89360, 89380, 91430, 90667, 91385, 91095, 92440, 91745, 91435, 89992, 94260]}, "Kaler Nicholson (NIC)": {"total_laps": 26, "valid_laps": 22, "valid_laps_percentage": 84.62, "average_lap_time": 90905.27272727272, "valid_average_lap_time": 90905.27272727272, "fastest_lap": 89720, "fastest_s1": 30602, "fastest_s2": 29257, "fastest_s3": 29837, "optimal_lap": 89696, "std_deviation": 7703.731734286063, "valid_std_deviation": 960.1108657123273, "last_lap_time_stamp": 1999916, "last_lap_position": 3, "driver_laps": [93542, 90342, 89990, 90185, 90332, 89720, 91402, 91280, 91157, 89927, 90275, 90287, 90067, 90490, 91267, 90830, 99735, 129255, 91250, 91350, 93072, 91057, 90232, 91477, 90525, 91442]}, "Toby Yao (YAO)": {"total_laps": 26, "valid_laps": 20, "valid_laps_percentage": 76.92, "average_lap_time": 90693.1, "valid_average_lap_time": 90693.1, "fastest_lap": 89272, "fastest_s1": 30485, "fastest_s2": 29255, "fastest_s3": 29455, "optimal_lap": 89195, "std_deviation": 7966.234601018322, "valid_std_deviation": 1012.0251141048562, "last_lap_time_stamp": 1813862, "last_lap_position": 4, "driver_laps": [94037, 91142, 89272, 89827, 90075, 89745, 92135, 90977, 90717, 90607, 89922, 90030, 90217, 90450, 91115, 101155, 130212, 90380, 91897, 90432, 93305, 91180, 90625, 90725, 90572, 91502]}, "William Scott (SCO)": {"total_laps": 26, "valid_laps": 21, "valid_laps_percentage": 80.77, "average_lap_time": 91375.95238095238, "valid_average_lap_time": 91375.95238095238, "fastest_lap": 90235, "fastest_s1": 30570, "fastest_s2": 29437, "fastest_s3": 29875, "optimal_lap": 89882, "std_deviation": 8076.13434376011, "valid_std_deviation": 903.9322693758905, "last_lap_time_stamp": 1918895, "last_lap_position": 5, "driver_laps": [94185, 94262, 91100, 90937, 90955, 90312, 90882, 92830, 91255, 90235, 90957, 91020, 90755, 92347, 91187, 90345, 91725, 103547, 130932, 91697, 92295, 91042, 91077, 91227, 90752, 90972]}, "Pierre-Etienne Longuez (LON)": {"total_laps": 26, "valid_laps": 21, "valid_laps_percentage": 80.77, "average_lap_time": 91513.42857142857, "valid_average_lap_time": 91513.42857142857, "fastest_lap": 89760, "fastest_s1": 30322, "fastest_s2": 29395, "fastest_s3": 29645, "optimal_lap": 89362, "std_deviation": 9135.87142506858, "valid_std_deviation": 1169.0097763247566, "last_lap_time_stamp": 1921782, "last_lap_position": 6, "driver_laps": [95225, 90715, 90140, 90300, 89760, 90612, 91772, 92522, 91172, 91682, 89775, 90335, 95922, 92632, 104372, 136340, 91490, 91312, 91287, 91320, 92130, 91212, 91855, 92357, 91312, 91617]}, "Cedric Couturier (COU)": {"total_laps": 26, "valid_laps": 15, "valid_laps_percentage": 57.69, "average_lap_time": 91774.66666666667, "valid_average_lap_time": 91774.66666666667, "fastest_lap": 91127, "fastest_s1": 30942, "fastest_s2": 29642, "fastest_s3": 30065, "optimal_lap": 90649, "std_deviation": 7837.790791661012, "valid_std_deviation": 498.7329183135236, "last_lap_time_stamp": 1376620, "last_lap_position": 7, "driver_laps": [97102, 92022, 92127, 91117, 94177, 91305, 93822, 96150, 91127, 91920, 92697, 91395, 90870, 101930, 130822, 91617, 91802, 92157, 91935, 91975, 91535, 93072, 91660, 92850, 91310, 91365]}, "Sean Collis (COL)": {"total_laps": 26, "valid_laps": 18, "valid_laps_percentage": 69.23, "average_lap_time": 93056.55555555556, "valid_average_lap_time": 93056.55555555556, "fastest_lap": 91162, "fastest_s1": 31117, "fastest_s2": 29830, "fastest_s3": 30057, "optimal_lap": 91004, "std_deviation": 7782.628910889648, "valid_std_deviation": 1490.0699242267012, "last_lap_time_stamp": 1675018, "last_lap_position": 8, "driver_laps": [97300, 92795, 92842, 91162, 91690, 91682, 92175, 95245, 93017, 93060, 104072, 131095, 92065, 93752, 93672, 93327, 93205, 93547, 94040, 94277, 92935, 91462, 92525, 93312, 92390, 92205]}, "Kyle Easton (EAS)": {"total_laps": 26, "valid_laps": 23, "valid_laps_percentage": 88.46, "average_lap_time": 92239.0, "valid_average_lap_time": 92239.0, "fastest_lap": 91312, "fastest_s1": 31090, "fastest_s2": 29892, "fastest_s3": 30052, "optimal_lap": 91034, "std_deviation": 11592.689169671348, "valid_std_deviation": 1028.654151615772, "last_lap_time_stamp": 2121497, "last_lap_position": 9, "driver_laps": [96045, 92327, 91450, 91375, 91365, 91475, 91607, 92832, 92550, 92207, 94992, 91610, 91562, 91590, 92555, 91792, 92275, 94687, 92222, 100985, 150895, 91312, 91545, 93885, 91647, 92635]}, "Alex Schimbeno (SCH)": {"total_laps": 26, "valid_laps": 18, "valid_laps_percentage": 69.23, "average_lap_time": 92813.61111111111, "valid_average_lap_time": 92813.61111111111, "fastest_lap": 91247, "fastest_s1": 31207, "fastest_s2": 29835, "fastest_s3": 30090, "optimal_lap": 91132, "std_deviation": 13769.080713686008, "valid_std_deviation": 1393.4723931450944, "last_lap_time_stamp": 1670645, "last_lap_position": 10, "driver_laps": [97465, 92687, 92425, 91912, 91955, 91957, 91597, 116212, 159597, 94025, 93770, 91527, 91252, 92327, 91902, 91247, 93057, 92310, 92642, 93282, 94970, 93275, 92805, 92012, 93585, 93160]}, "Isaiah Pomares (POM)": {"total_laps": 26, "valid_laps": 14, "valid_laps_percentage": 53.85, "average_lap_time": 93284.64285714286, "valid_average_lap_time": 93284.64285714286, "fastest_lap": 91005, "fastest_s1": 30720, "fastest_s2": 30130, "fastest_s3": 29960, "optimal_lap": 90810, "std_deviation": 20651.256550966726, "valid_std_deviation": 1729.587839170533, "last_lap_time_stamp": 1305985, "last_lap_position": 11, "driver_laps": [94782, 94032, 92180, 91290, 92060, 91450, 92587, 104212, 97437, 105085, 197830, 92465, 92820, 91005, 92505, 93040, 91887, 93192, 93097, 93375, 94637, 92165, 95380, 92235, 104250, 102075]}, "Jayden Chamorro (CHA)": {"total_laps": 26, "valid_laps": 12, "valid_laps_percentage": 46.15, "average_lap_time": 94057.25, "valid_average_lap_time": 94057.25, "fastest_lap": 92517, "fastest_s1": 31310, "fastest_s2": 30107, "fastest_s3": 30380, "optimal_lap": 91797, "std_deviation": 17396.776691719027, "valid_std_deviation": 1701.219569228873, "last_lap_time_stamp": 1128687, "last_lap_position": 12, "driver_laps": [98485, 92517, 97322, 93672, 92950, 92942, 92902, 94630, 104257, 159135, 107387, 94555, 94192, 93115, 93670, 92940, 100927, 126312, 151152, 92677, 95262, 95537, 109980, 95020, 94817, 93037]}, "Martin Mugerian (MUG)": {"total_laps": 26, "valid_laps": 14, "valid_laps_percentage": 53.85, "average_lap_time": 95099.14285714286, "valid_average_lap_time": 95099.14285714286, "fastest_lap": 93032, "fastest_s1": 31707, "fastest_s2": 30615, "fastest_s3": 30397, "optimal_lap": 92719, "std_deviation": 20888.326762609264, "valid_std_deviation": 2042.0352915334572, "last_lap_time_stamp": 1331388, "last_lap_position": 13,