{"Gold": {"Christopher Larson (LAR)": {"total_laps": 34, "valid_laps": 29, "valid_laps_percentage": 85.29, "average_lap_time": 104664.58620689655, "valid_average_lap_time": 104664.58620689655, "fastest_lap": 103482, "fastest_s1": 29310, "fastest_s2": 39755, "fastest_s3": 34417, "optimal_lap": 103482, "std_deviation": 10869.431666190707, "valid_std_deviation": 887.7676866822994, "last_lap_time_stamp": 3035273, "last_lap_position": 1, "driver_laps": [108357, 104847, 104245, 104507, 104127, 104640, 104542, 104555, 104685, 104837, 104570, 104832, 104930, 105707, 105192, 105082, 105202, 111895, 167637, 104332, 103695, 103482, 104125, 103902, 104202, 103852, 103847, 104030, 104185, 104367, 104445, 104835, 105422, 104835]}, "Jake Finn (FIN)": {"total_laps": 34, "valid_laps": 19, "valid_laps_percentage": 55.88, "average_lap_time": 104488.21052631579, "valid_average_lap_time": 104488.21052631579, "fastest_lap": 103775, "fastest_s1": 29295, "fastest_s2": 39832, "fastest_s3": 34452, "optimal_lap": 103579, "std_deviation": 9854.458695706388, "valid_std_deviation": 502.7950299130483, "last_lap_time_stamp": 1985276, "last_lap_position": 2, "driver_laps": [108787, 104950, 104752, 104625, 104367, 104595, 104760, 104735, 104540, 104702, 104930, 105007, 105355, 105522, 105060, 105447, 105577, 111962, 161855, 104227, 104017, 103775, 103912, 103850, 103897, 104567, 104442, 104642, 104210, 104492, 104442, 105845, 105892, 105482]}, "Jonathan Clifford (CLI)": {"total_laps": 34, "valid_laps": 29, "valid_laps_percentage": 85.29, "average_lap_time": 104747.0, "valid_average_lap_time": 104747.0, "fastest_lap": 103872, "fastest_s1": 29305, "fastest_s2": 39972, "fastest_s3": 34535, "optimal_lap": 103812, "std_deviation": 9941.670022934768, "valid_std_deviation": 848.8534283709661, "last_lap_time_stamp": 3037663, "last_lap_position": 3, "driver_laps": [108620, 104762, 104635, 104345, 104460, 104530, 104655, 104895, 104740, 104690, 104902, 104845, 104982, 105217, 104875, 105207, 105465, 112125, 162147, 103967, 104060, 103952, 104277, 104007, 103872, 110875, 104362, 104707, 104492, 104317, 104442, 104450, 104690, 105175]}, "Kenneth Portis II (POR)": {"total_laps": 34, "valid_laps": 29, "valid_laps_percentage": 85.29, "average_lap_time": 104942.75862068965, "valid_average_lap_time": 104942.75862068965, "fastest_lap": 104097, "fastest_s1": 29455, "fastest_s2": 40025, "fastest_s3": 34610, "optimal_lap": 104090, "std_deviation": 10071.04504828211, "valid_std_deviation": 939.9684514148187, "last_lap_time_stamp": 3043340, "last_lap_position": 4, "driver_laps": [109467, 104635, 104837, 104520, 104575, 104667, 104722, 104867, 104830, 104785, 104867, 105115, 105385, 105500, 105287, 105362, 111760, 163220, 105205, 105240, 104097, 104360, 104280, 104722, 104407, 104790, 104407, 104395, 104567, 104510, 104417, 104637, 104735, 104995]}, "Sara Liu (LIU)": {"total_laps": 34, "valid_laps": 22, "valid_laps_percentage": 64.71, "average_lap_time": 105404.36363636363, "valid_average_lap_time": 105404.36363636363, "fastest_lap": 104410, "fastest_s1": 29320, "fastest_s2": 40135, "fastest_s3": 34747, "optimal_lap": 104202, "std_deviation": 10179.451809620448, "valid_std_deviation": 710.8764908768508, "last_lap_time_stamp": 2318896, "last_lap_position": 5, "driver_laps": [110347, 106245, 105247, 104967, 106177, 105565, 104887, 105210, 105095, 105067, 104967, 105440, 105232, 105930, 106065, 107377, 106887, 113172, 162640, 104290, 104285, 104840, 104967, 104727, 104852, 105452, 104410, 107422, 104902, 105085, 105267, 121305, 104965, 105462]}, "Philippe Maisonneuve (MAI)": {"total_laps": 34, "valid_laps": 29, "valid_laps_percentage": 85.29, "average_lap_time": 106127.86206896552, "valid_average_lap_time": 106127.86206896552, "fastest_lap": 104802, "fastest_s1": 29535, "fastest_s2": 40252, "fastest_s3": 34935, "optimal_lap": 104722, "std_deviation": 10634.10816095021, "valid_std_deviation": 1229.3194029955278, "last_lap_time_stamp": 3077708, "last_lap_position": 7, "driver_laps": [111842, 106142, 106112, 105612, 105565, 105580, 106085, 105752, 106195, 105805, 107710, 106407, 105790, 106097, 106237, 106492, 106665, 113185, 167560, 107397, 105202, 105335, 105555, 105985, 105217, 105045, 104802, 105640, 105445, 105650, 105950, 106277, 106172, 106102]}, "Karl Maurer (MAU)": {"total_laps": 34, "valid_laps": 26, "valid_laps_percentage": 76.47, "average_lap_time": 106357.53846153847, "valid_average_lap_time": 106357.53846153847, "fastest_lap": 105210, "fastest_s1": 29415, "fastest_s2": 40447, "fastest_s3": 35147, "optimal_lap": 105009, "std_deviation": 10519.530777043346, "valid_std_deviation": 1380.2300454857293, "last_lap_time_stamp": 2765296, "last_lap_position": 8, "driver_laps": [112407, 106032, 105962, 105885, 105817, 105727, 105495, 105957, 106497, 105812, 107907, 107545, 106552, 106617, 107645, 114495, 166945, 106187, 105937, 105210, 105882, 105562, 105967, 105817, 105500, 106237, 105785, 105712, 105535, 106235, 105677, 106157, 106802, 106552]}, "Alex Schimbeno (SCH)": {"total_laps": 34, "valid_laps": 23, "valid_laps_percentage": 67.65, "average_lap_time": 106202.95652173914, "valid_average_lap_time": 106202.95652173914, "fastest_lap": 105242, "fastest_s1": 29430, "fastest_s2": 40547, "fastest_s3": 35047, "optimal_lap": 105024, "std_deviation": 10043.497523273454, "valid_std_deviation": 659.0404511147503, "last_lap_time_stamp": 2442668, "last_lap_position": 10, "driver_laps": [113707, 106292, 106817, 107982, 107985, 106175, 106600, 106105, 106572, 106772, 107315, 106787, 106942, 106552, 106257, 106472, 106340, 113330, 164280, 105862, 105710, 105657, 105895, 105507, 105242, 105962, 105655, 105522, 105617, 105980, 105367, 105890, 106515, 106192]}, "Eric Lloyd (LLO)": {"total_laps": 34, "valid_laps": 22, "valid_laps_percentage": 64.71, "average_lap_time": 105988.22727272728, "valid_average_lap_time": 105988.22727272728, "fastest_lap": 104690, "fastest_s1": 29535, "fastest_s2": 40372, "fastest_s3": 34687, "optimal_lap": 104594, "std_deviation": 10534.715672285616, "valid_std_deviation": 1005.3023204047902, "last_lap_time_stamp": 2331741, "last_lap_position": 11, "driver_laps": [108882, 106080, 105282, 105300, 112842, 105507, 105330, 105955, 105735, 107107, 106570, 106575, 106477, 106102, 108422, 113845, 165837, 104690, 104917, 119387, 105580, 104912, 105355, 106057, 105092, 105482, 107385, 106517, 105405, 105367, 105735, 105517, 106995, 107167]}, "Dale Rodman Jr III (ROD)": {"total_laps": 34, "valid_laps": 30, "valid_laps_percentage": 88.24, "average_lap_time": 106681.86666666667, "valid_average_lap_time": 106681.86666666667, "fastest_lap": 105557, "fastest_s1": 29657, "fastest_s2": 40657, "fastest_s3": 35182, "optimal_lap": 105496, "std_deviation": 10286.07328493214, "valid_std_deviation": 1383.3772700403777, "last_lap_time_stamp": 3200456, "last_lap_position": 12, "driver_laps": [113195, 107132, 106135, 108352, 107910, 106355, 106077, 106290, 106597, 106165, 107695, 107610, 106545, 105967, 107025, 106350, 114820, 165910, 106080, 107032, 105557, 105622, 106770, 106075, 106215, 106067, 106065, 106080, 106957, 105772, 105942, 106340, 106392, 107037]}, "Marc-Andre Hamel (HAM)": {"total_laps": 34, "valid_laps": 27, "valid_laps_percentage": 79.41, "average_lap_time": 106674.25925925926, "valid_average_lap_time": 106674.25925925926, "fastest_lap": 105755, "fastest_s1": 29550, "fastest_s2": 40462, "fastest_s3": 35160, "optimal_lap": 105172, "std_deviation": 10124.124535201949, "valid_std_deviation": 1250.7589263075006, "last_lap_time_stamp": 2880205, "last_lap_position": 13, "driver_laps": [112525, 106392, 107335, 112492, 106247, 107960, 106965, 106677, 112235, 106795, 106822, 106830, 107097, 106852, 107452, 106947, 114150, 165022, 106130, 106230, 105755, 106247, 105817, 106400, 106072, 105775, 107185, 105897, 106102, 106365, 106620, 106492, 106267, 106197]}, "Toby Yao (YAO)": {"total_laps": 34, "valid_laps": 22, "valid_laps_percentage": 64.71, "average_lap_time": 105662.86363636363,