{"Gold": {"Jake Finn (FIN)": {"total_laps": 28, "valid_laps": 14, "valid_laps_percentage": 50.0, "average_lap_time": 139284.14285714287, "valid_average_lap_time": 139284.14285714287, "fastest_lap": 134400, "fastest_s1": 28207, "fastest_s2": 52215, "fastest_s3": 53842, "optimal_lap": 134264, "std_deviation": 4752.107909896574, "valid_std_deviation": 5898.237714086144, "last_lap_time_stamp": 1949978, "last_lap_position": 4, "driver_laps": [151895, 135205, 134400, 135612, 135367, 135912, 136220, 136105, 140075, 138720, 140770, 142915, 142230, 143830, 151895, 135205, 134400, 135612, 135367, 135912, 136220, 136105, 140075, 138720, 140770, 142915, 142230, 143830]}, "Jonathan Clifford (CLI)": {"total_laps": 14, "valid_laps": 14, "valid_laps_percentage": 100.0, "average_lap_time": 137003.7142857143, "valid_average_lap_time": 137003.7142857143, "fastest_lap": 133195, "fastest_s1": 27915, "fastest_s2": 51705, "fastest_s3": 53385, "optimal_lap": 133005, "std_deviation": 4219.167807638254, "valid_std_deviation": 4219.167807638254, "last_lap_time_stamp": 1918052, "last_lap_position": 1, "driver_laps": [148555, 133285, 133347, 133195, 133722, 133915, 134465, 135495, 136772, 137607, 138172, 138947, 140040, 140535]}, "Kenneth Portis II (POR)": {"total_laps": 14, "valid_laps": 14, "valid_laps_percentage": 100.0, "average_lap_time": 137452.5, "valid_average_lap_time": 137452.5, "fastest_lap": 133262, "fastest_s1": 28027, "fastest_s2": 51847, "fastest_s3": 53292, "optimal_lap": 133166, "std_deviation": 4326.830848589727, "valid_std_deviation": 4326.830848589727, "last_lap_time_stamp": 1924335, "last_lap_position": 2, "driver_laps": [149455, 133370, 133262, 133655, 134200, 134627, 135585, 135560, 137942, 138077, 138912, 138760, 139365, 141565]}, "Christopher Larson (LAR)": {"total_laps": 14, "valid_laps": 11, "valid_laps_percentage": 78.57, "average_lap_time": 138911.63636363635, "valid_average_lap_time": 138911.63636363635, "fastest_lap": 133797, "fastest_s1": 27915, "fastest_s2": 51972, "fastest_s3": 53837, "optimal_lap": 133724, "std_deviation": 4443.112135716299, "valid_std_deviation": 4873.025513430589, "last_lap_time_stamp": 1528028, "last_lap_position": 3, "driver_laps": [149340, 135152, 135095, 135162, 133797, 134442, 135307, 137902, 137627, 140947, 140057, 141450, 142137, 143557]}, "Alex Schimbeno (SCH)": {"total_laps": 14, "valid_laps": 10, "valid_laps_percentage": 71.43, "average_lap_time": 139424.7, "valid_average_lap_time": 139424.7, "fastest_lap": 135237, "fastest_s1": 28172, "fastest_s2": 52437, "fastest_s3": 54460, "optimal_lap": 135069, "std_deviation": 4335.639056410546, "valid_std_deviation": 4916.362341994107, "last_lap_time_stamp": 1394247, "last_lap_position": 6, "driver_laps": [151480, 137347, 135237, 135890, 136607, 136320, 137027, 139787, 141570, 141467, 140240, 142257, 141842, 144360]}, "Toby Yao (YAO)": {"total_laps": 14, "valid_laps": 5, "valid_laps_percentage": 35.71, "average_lap_time": 142558.2, "valid_average_lap_time": 142558.2, "fastest_lap": 136562, "fastest_s1": 28370, "fastest_s2": 53020, "fastest_s3": 55172, "optimal_lap": 136562, "std_deviation": 4333.1910461987645, "valid_std_deviation": 5594.808549003264, "last_lap_time_stamp": 712791, "last_lap_position": 7, "driver_laps": [151805, 142097, 136847, 136482, 147607, 136562, 137107, 139590, 141910, 141702, 141087, 141635, 142565, 143637]}, "Sara Liu (LIU)": {"total_laps": 14, "valid_laps": 4, "valid_laps_percentage": 28.57, "average_lap_time": 137319.75, "valid_average_lap_time": 137319.75, "fastest_lap": 129520, "fastest_s1": 27077, "fastest_s2": 50290, "fastest_s3": 52152, "optimal_lap": 129519, "std_deviation": 16530.656810043227, "valid_std_deviation": 8642.566222868452, "last_lap_time_stamp": 549279, "last_lap_position": 8, "driver_laps": [149682, 135117, 135412, 142360, 134960, 137752, 153322, 191437, 131427, 130897, 128802, 129520, 130357, 131607]}, "Matt Lung (LUN)": {"total_laps": 14, "valid_laps": 5, "valid_laps_percentage": 35.71, "average_lap_time": 133750.6, "valid_average_lap_time": 133750.6, "fastest_lap": 130727, "fastest_s1": 27450, "fastest_s2": 51017, "fastest_s3": 52007, "optimal_lap": 130474, "std_deviation": 17552.90272557239, "valid_std_deviation": 3347.79850050746, "last_lap_time_stamp": 668753, "last_lap_position": 9, "driver_laps": [152122, 137990, 141197, 137257, 137487, 138960, 144780, 198217, 132157, 130727, 131125, 130425, 130987, 133182]}, "Sean Collis (COL)": {"total_laps": 14, "valid_laps": 5, "valid_laps_percentage": 35.71, "average_lap_time": 135373.2, "valid_average_lap_time": 135373.2, "fastest_lap": 130615, "fastest_s1": 27382, "fastest_s2": 50857, "fastest_s3": 52375, "optimal_lap": 130614, "std_deviation": 16658.364828135225, "valid_std_deviation": 4337.038182907778, "last_lap_time_stamp": 676866, "last_lap_position": 10, "driver_laps": [158965, 139650, 138125, 137647, 137977, 137867, 144310, 192442, 131092, 130870, 130397, 130757, 130615, 133172]}, "Dale Rodman Jr III (ROD)": {"total_laps": 14, "valid_laps": 5, "valid_laps_percentage": 35.71, "average_lap_time": 139607.2, "valid_average_lap_time": 139607.2, "fastest_lap": 131152, "fastest_s1": 27775, "fastest_s2": 50507, "fastest_s3": 52665, "optimal_lap": 130947, "std_deviation": 17502.682619504958, "valid_std_deviation": 9811.964161165693, "last_lap_time_stamp": 698036, "last_lap_position": 12, "driver_laps": [156127, 140555, 139110, 141655, 138255, 155027, 196675, 135732, 131152, 132480, 133522, 132512, 130970, 133392]}, "Karl Maurer (MAU)": {"total_laps": 14, "valid_laps": 4, "valid_laps_percentage": 28.57, "average_lap_time": 134837.25, "valid_average_lap_time": 134837.25, "fastest_lap": 130835, "fastest_s1": 27380, "fastest_s2": 50717, "fastest_s3": 52605, "optimal_lap": 130702, "std_deviation": 20098.491403120748, "valid_std_deviation": 4014.3174077294884, "last_lap_time_stamp": 539349, "last_lap_position": 13, "driver_laps": [161235, 141305, 139910, 139142, 143402, 206837, 134765, 136037, 132705, 130887, 133260, 133097, 130835, 132567]}, "Marc-Andre Hamel (HAM)": {"total_laps": 14, "valid_laps": 3, "valid_laps_percentage": 21.43, "average_lap_time": 137054.0, "valid_average_lap_time": 137054.0, "fastest_lap": 133810, "fastest_s1": 28150, "fastest_s2": 51787, "fastest_s3": 53872, "optimal_lap": 133809, "std_deviation": 23312.61644698843, "valid_std_deviation": 3097.26782826413, "last_lap_time_stamp": 411162, "last_lap_position": 18, "driver_laps": [166725, 140665, 139980, 143355, 220025, 137372, 134712, 135702, 133972, 132300, 133810, 134725, 133255, 140990]}, "Philippe Maisonneuve (MAI)": {"total_laps": 13, "valid_laps": 3, "valid_laps_percentage": 23.08, "average_lap_time": 134636.33333333334, "valid_average_lap_time": 134636.33333333334, "fastest_lap": 129747, "fastest_s1": 27140, "fastest_s2": 50902, "fastest_s3": 51705, "optimal_lap": 129747, "std_deviation": 21327.678371795868, "valid_std_deviation": 4239.441747840549, "last_lap_time_stamp": 403909, "last_lap_position": 18, "driver_laps": [156562, 138365, 136872, 137290, 137330, 139332, 192355, 138970, 189457, 131465, 130222, 129747, 131717]}}, "Silver": {"Greg Lynskey (LYN)": {"total_laps": 26, "valid_laps": 10, "valid_laps_percentage": 38.46, "average_lap_time": 143673.2, "valid_average_lap_time": 143673.2, "fastest_lap": 140437, "fastest_s1": 29300, "fastest_s2": 53922, "fastest_s3": 56625, "optimal_lap": 139847, "std_deviation": 6737.904096858424, "valid_std_deviation": 2773.467176257505, "last_lap_time_stamp": 1436732, "last_lap_position": 17, "driver_laps": [166490, 152555, 140437, 143465, 143195, 141792, 143310, 145537, 144935, 147175, 148007, 148747, 153357, 166490, 152555, 140437, 143465, 143195, 141792, 143310, 145537, 144935, 147175, 148007, 148747, 153357]}, "Griffin Perry (PER)": {"total_laps": 14, "valid_laps": 6, "valid_laps_percentage": 42.86, "average_lap_time": 132696.33333333334, "valid_average_lap_time": 132696.33333333334, "fastest_lap": 129857, "fastest_s1": 27087, "fastest_s2": 50387, "fastest_s3": 52080,