{"Gold": {"Jake Finn (FIN)": {"total_laps": 36, "valid_laps": 34, "valid_laps_percentage": 94.44, "average_lap_time": 104647.58823529411, "valid_average_lap_time": 104647.58823529411, "fastest_lap": 103680, "fastest_s1": 40052, "fastest_s2": 34587, "fastest_s3": 28617, "optimal_lap": 103256, "std_deviation": 1034.7724050044676, "valid_std_deviation": 1065.385237414064, "last_lap_time_stamp": 3558018, "last_lap_position": 3, "driver_laps": [108297, 105060, 105180, 104435, 104457, 103680, 104205, 104632, 103757, 104350, 103770, 104560, 104612, 104002, 104390, 103932, 104545, 105690, 108297, 105060, 105180, 104435, 104457, 103680, 104205, 104632, 103757, 104350, 103770, 104560, 104612, 104002, 104390, 103932, 104545, 105690]}, "Jonathan Clifford (CLI)": {"total_laps": 18, "valid_laps": 18, "valid_laps_percentage": 100.0, "average_lap_time": 103441.33333333333, "valid_average_lap_time": 103441.33333333333, "fastest_lap": 102402, "fastest_s1": 39827, "fastest_s2": 34197, "fastest_s3": 28307, "optimal_lap": 102331, "std_deviation": 973.8829498456167, "valid_std_deviation": 973.8829498456167, "last_lap_time_stamp": 1861944, "last_lap_position": 1, "driver_laps": [107067, 103625, 103372, 103552, 103547, 103245, 103540, 103810, 103562, 102797, 103107, 103280, 102402, 102762, 103162, 102857, 103067, 103190]}, "Kenneth Portis II (POR)": {"total_laps": 18, "valid_laps": 18, "valid_laps_percentage": 100.0, "average_lap_time": 103757.72222222222, "valid_average_lap_time": 103757.72222222222, "fastest_lap": 102910, "fastest_s1": 40005, "fastest_s2": 34140, "fastest_s3": 28550, "optimal_lap": 102695, "std_deviation": 1193.467996838258, "valid_std_deviation": 1193.467996838258, "last_lap_time_stamp": 1867639, "last_lap_position": 2, "driver_laps": [107522, 103780, 103555, 103252, 103237, 103522, 103357, 106295, 104067, 103432, 103245, 103375, 103212, 103192, 103267, 102910, 103082, 103337]}, "Alex Schimbeno (SCH)": {"total_laps": 18, "valid_laps": 17, "valid_laps_percentage": 94.44, "average_lap_time": 105144.5294117647, "valid_average_lap_time": 105144.5294117647, "fastest_lap": 103980, "fastest_s1": 40405, "fastest_s2": 34635, "fastest_s3": 28742, "optimal_lap": 103782, "std_deviation": 1403.8806079713147, "valid_std_deviation": 1407.9719509656015, "last_lap_time_stamp": 1787457, "last_lap_position": 4, "driver_laps": [109457, 105320, 105072, 106520, 105397, 104765, 106602, 104767, 107122, 104695, 104045, 104260, 104225, 104210, 103980, 104155, 104840, 104545]}, "Philippe Maisonneuve (MAI)": {"total_laps": 18, "valid_laps": 17, "valid_laps_percentage": 94.44, "average_lap_time": 105890.94117647059, "valid_average_lap_time": 105890.94117647059, "fastest_lap": 104327, "fastest_s1": 40455, "fastest_s2": 34777, "fastest_s3": 28775, "optimal_lap": 104007, "std_deviation": 2312.1516625121103, "valid_std_deviation": 2368.9825999410655, "last_lap_time_stamp": 1800146, "last_lap_position": 8, "driver_laps": [114625, 106792, 105830, 105017, 105092, 105885, 104625, 106965, 106385, 105257, 104415, 106352, 105137, 104890, 106015, 104855, 104647, 104327]}, "Toby Yao (YAO)": {"total_laps": 18, "valid_laps": 14, "valid_laps_percentage": 77.78, "average_lap_time": 105552.57142857143, "valid_average_lap_time": 105552.57142857143, "fastest_lap": 103440, "fastest_s1": 40487, "fastest_s2": 34210, "fastest_s3": 28340, "optimal_lap": 103037, "std_deviation": 3058.7762942557033, "valid_std_deviation": 3185.3901998459664, "last_lap_time_stamp": 1477736, "last_lap_position": 9, "driver_laps": [115912, 107570, 104972, 104287, 104452, 104620, 106150, 106595, 106742, 103847, 104517, 104825, 103650, 103440, 110725, 104490, 104720, 104312]}, "Marc-Andre Hamel (HAM)": {"total_laps": 18, "valid_laps": 15, "valid_laps_percentage": 83.33, "average_lap_time": 105659.66666666667, "valid_average_lap_time": 105659.66666666667, "fastest_lap": 104700, "fastest_s1": 40482, "fastest_s2": 34860, "fastest_s3": 28807, "optimal_lap": 104149, "std_deviation": 2383.282375020838, "valid_std_deviation": 1725.0261557713372, "last_lap_time_stamp": 1584895, "last_lap_position": 10, "driver_laps": [113245, 111515, 104830, 107030, 104930, 107000, 104750, 105457, 105837, 104720, 104700, 105667, 105535, 105207, 105162, 105177, 105195, 104850]}, "Sean Collis (COL)": {"total_laps": 18, "valid_laps": 15, "valid_laps_percentage": 83.33, "average_lap_time": 105206.46666666666, "valid_average_lap_time": 105206.46666666666, "fastest_lap": 104062, "fastest_s1": 40480, "fastest_s2": 34390, "fastest_s3": 28787, "optimal_lap": 103657, "std_deviation": 3194.263035485538, "valid_std_deviation": 622.0594673762155, "last_lap_time_stamp": 1578097, "last_lap_position": 11, "driver_laps": [114510, 106882, 105460, 105365, 105500, 105382, 105110, 107102, 115367, 104062, 105415, 105002, 104945, 105062, 104557, 105495, 105285, 104575]}, "Sara Liu (LIU)": {"total_laps": 18, "valid_laps": 11, "valid_laps_percentage": 61.11, "average_lap_time": 104066.45454545454, "valid_average_lap_time": 104066.45454545454, "fastest_lap": 103192, "fastest_s1": 40275, "fastest_s2": 34207, "fastest_s3": 28665, "optimal_lap": 103147, "std_deviation": 7593.515152370544, "valid_std_deviation": 941.6272472307037, "last_lap_time_stamp": 1144731, "last_lap_position": 12, "driver_laps": [106445, 103830, 103262, 103405, 103792, 103192, 103725, 115067, 104895, 103530, 103540, 103895, 104895, 103940, 104352, 122005, 130510, 104535]}, "Karl Maurer (MAU)": {"total_laps": 18, "valid_laps": 13, "valid_laps_percentage": 72.22, "average_lap_time": 106453.53846153847, "valid_average_lap_time": 106453.53846153847, "fastest_lap": 104135, "fastest_s1": 40657, "fastest_s2": 34577, "fastest_s3": 28900, "optimal_lap": 104134, "std_deviation": 3279.023352624806, "valid_std_deviation": 1822.519986876441, "last_lap_time_stamp": 1383896, "last_lap_position": 14, "driver_laps": [118490, 107945, 109370, 108672, 105870, 108570, 109045, 110085, 108582, 105142, 106550, 106630, 104830, 104842, 105520, 104135, 106415, 105240]}, "Matt Lung (LUN)": {"total_laps": 18, "valid_laps": 11, "valid_laps_percentage": 61.11, "average_lap_time": 106829.36363636363, "valid_average_lap_time": 106829.36363636363, "fastest_lap": 105635, "fastest_s1": 41077, "fastest_s2": 35090, "fastest_s3": 29097, "optimal_lap": 105264, "std_deviation": 4317.419066837595, "valid_std_deviation": 1287.365004396754, "last_lap_time_stamp": 1175123, "last_lap_position": 15, "driver_laps": [124640, 108255, 106897, 106175, 107480, 106622, 109570, 109920, 108160, 107265, 105780, 105740, 107285, 106217, 106017, 105635, 107835, 106165]}, "Dale Rodman Jr III (ROD)": {"total_laps": 18, "valid_laps": 9, "valid_laps_percentage": 50.0, "average_lap_time": 107192.88888888889, "valid_average_lap_time": 107192.88888888889, "fastest_lap": 105935, "fastest_s1": 41122, "fastest_s2": 35215, "fastest_s3": 29105, "optimal_lap": 105442, "std_deviation": 4622.72201204589, "valid_std_deviation": 1229.5800547793183, "last_lap_time_stamp": 964736, "last_lap_position": 16, "driver_laps": [125245, 107905, 107305, 107012, 106342, 106295, 108665, 114505, 110820, 105957, 109355, 105935, 106127, 106337, 107752, 106307, 108575, 108110]}}, "Silver": {"Greg Lynskey (LYN)": {"total_laps": 34, "valid_laps": 28, "valid_laps_percentage": 82.35, "average_lap_time": 113264.0, "valid_average_lap_time": 113264.0, "fastest_lap": 110202, "fastest_s1": 42222, "fastest_s2": 35882, "fastest_s3": 30362, "optimal_lap": 108466, "std_deviation": 3427.3044489943195, "valid_std_deviation": 3456.3799088170376, "last_lap_time_stamp": 3171392, "last_lap_position": 22, "driver_laps": [122340, 111087, 110690, 111292, 111660, 110690, 119072, 110487, 111265, 118465, 113385, 113192, 114042, 113442, 114510, 110202, 111500, 122340, 111087, 110690, 111292, 111660, 110690, 119072, 110487, 111265, 118465, 113385, 113192, 114042, 113442, 114510, 110202, 111500]}, "Griffin Perry (PER)": {"total_laps": 18, "valid_laps": 14, "valid_laps_percentage": 77.78, "average_lap_time": 105122.78571428571,