{"Gold": {"Jake Finn (FIN)": {"total_laps": 72, "valid_laps": 52, "valid_laps_percentage": 72.22, "average_lap_time": 102502.11538461539, "valid_average_lap_time": 102502.11538461539, "fastest_lap": 101462, "fastest_s1": 31020, "fastest_s2": 40162, "fastest_s3": 30057, "optimal_lap": 101239, "std_deviation": 8248.77890901604, "valid_std_deviation": 1500.1891208077884, "last_lap_time_stamp": 5330110, "last_lap_position": 7, "driver_laps": [109582, 114652, 102695, 103250, 102810, 102042, 102285, 102602, 102962, 101977, 113825, 103425, 102430, 102852, 103202, 103037, 103162, 149662, 107430, 101832, 102532, 102120, 102110, 101462, 101502, 101540, 102377, 102062, 102172, 101777, 102145, 101785, 102037, 101900, 102230, 102455, 109582, 114652, 102695, 103250, 102810, 102042, 102285, 102602, 102962, 101977, 113825, 103425, 102430, 102852, 103202, 103037, 103162, 149662, 107430, 101832, 102532, 102120, 102110, 101462, 101502, 101540, 102377, 102062, 102172, 101777, 102145, 101785, 102037, 101900, 102230, 102455]}, "Christopher Larson (LAR)": {"total_laps": 36, "valid_laps": 34, "valid_laps_percentage": 94.44, "average_lap_time": 101489.5294117647, "valid_average_lap_time": 101489.5294117647, "fastest_lap": 100535, "fastest_s1": 30770, "fastest_s2": 39865, "fastest_s3": 29872, "optimal_lap": 100507, "std_deviation": 8183.447983679453, "valid_std_deviation": 1389.0513491674403, "last_lap_time_stamp": 3450644, "last_lap_position": 1, "driver_laps": [108747, 101880, 101482, 101417, 101195, 101265, 101067, 101365, 101155, 101575, 101362, 101402, 101282, 101347, 101500, 101667, 101570, 101992, 101667, 149832, 106080, 100987, 100925, 100907, 100535, 100637, 100695, 101192, 100702, 100712, 101292, 100692, 100987, 100955, 100992, 103497]}, "Kenneth Portis II (POR)": {"total_laps": 36, "valid_laps": 34, "valid_laps_percentage": 94.44, "average_lap_time": 101683.0294117647, "valid_average_lap_time": 101683.0294117647, "fastest_lap": 100947, "fastest_s1": 30860, "fastest_s2": 40005, "fastest_s3": 29877, "optimal_lap": 100742, "std_deviation": 8095.315486219704, "valid_std_deviation": 1391.9672036648103, "last_lap_time_stamp": 3457223, "last_lap_position": 2, "driver_laps": [109170, 101822, 101425, 101660, 101247, 101245, 101202, 101502, 101492, 101307, 101880, 101720, 101557, 101825, 101730, 101997, 101792, 149467, 106515, 101320, 101125, 100990, 101035, 101117, 100947, 101035, 101067, 101187, 101547, 101317, 101040, 101662, 101475, 101347, 101162, 103277]}, "Jonathan Clifford (CLI)": {"total_laps": 36, "valid_laps": 32, "valid_laps_percentage": 88.89, "average_lap_time": 101826.34375, "valid_average_lap_time": 101826.34375, "fastest_lap": 100780, "fastest_s1": 30967, "fastest_s2": 39822, "fastest_s3": 29990, "optimal_lap": 100779, "std_deviation": 7908.484757795624, "valid_std_deviation": 1345.8544859601398, "last_lap_time_stamp": 3258443, "last_lap_position": 3, "driver_laps": [108962, 102025, 101532, 101760, 101402, 101457, 101682, 101727, 101527, 101607, 101652, 102080, 101540, 101790, 101862, 102202, 148577, 106207, 101652, 101225, 101032, 101237, 100780, 101292, 101245, 101170, 101165, 101475, 101650, 101897, 101672, 101815, 102167, 101632, 101917, 102035]}, "Sara Liu (LIU)": {"total_laps": 36, "valid_laps": 25, "valid_laps_percentage": 69.44, "average_lap_time": 102449.2, "valid_average_lap_time": 102449.2, "fastest_lap": 101240, "fastest_s1": 30962, "fastest_s2": 40282, "fastest_s3": 29897, "optimal_lap": 101141, "std_deviation": 8301.460317126463, "valid_std_deviation": 1425.4482335976522, "last_lap_time_stamp": 2561230, "last_lap_position": 4, "driver_laps": [108660, 106627, 103760, 103710, 102527, 103460, 102422, 102292, 101647, 102865, 102130, 101860, 102385, 102382, 102817, 102285, 102165, 102550, 151417, 107552, 101900, 101280, 101765, 101240, 101670, 101995, 101717, 101220, 101932, 101585, 102180, 101422, 102447, 101712, 101820, 101722]}, "Alex Schimbeno (SCH)": {"total_laps": 36, "valid_laps": 32, "valid_laps_percentage": 88.89, "average_lap_time": 102665.90625, "valid_average_lap_time": 102665.90625, "fastest_lap": 101520, "fastest_s1": 30912, "fastest_s2": 40260, "fastest_s3": 30155, "optimal_lap": 101327, "std_deviation": 8507.956236547992, "valid_std_deviation": 1382.0846423679538, "last_lap_time_stamp": 3285309, "last_lap_position": 5, "driver_laps": [109507, 104447, 102832, 102862, 102497, 102935, 102225, 102402, 102565, 102520, 102395, 102392, 102755, 102680, 102655, 102992, 102522, 102577, 103445, 153040, 107050, 102222, 101770, 101750, 102692, 102027, 101652, 101520, 101712, 101817, 102052, 102015, 101852, 102647, 102375, 103095]}, "Toby Yao (YAO)": {"total_laps": 36, "valid_laps": 31, "valid_laps_percentage": 86.11, "average_lap_time": 102714.64516129032, "valid_average_lap_time": 102714.64516129032, "fastest_lap": 101522, "fastest_s1": 30930, "fastest_s2": 40397, "fastest_s3": 30057, "optimal_lap": 101384, "std_deviation": 11282.793094614162, "valid_std_deviation": 1496.3641390247028, "last_lap_time_stamp": 3184154, "last_lap_position": 6, "driver_laps": [109390, 103595, 104927, 103292, 103700, 102692, 102362, 102227, 102345, 102065, 102540, 102215, 102187, 103095, 102855, 102260, 102537, 153315, 106902, 102087, 101785, 101995, 101775, 101625, 102137, 102572, 101570, 101522, 102045, 103065, 101860, 101870, 102207, 102142, 104865, 148427]}, "Dale Rodman Jr. III (DRJ)": {"total_laps": 36, "valid_laps": 32, "valid_laps_percentage": 88.89, "average_lap_time": 103204.09375, "valid_average_lap_time": 103204.09375, "fastest_lap": 102502, "fastest_s1": 31112, "fastest_s2": 40762, "fastest_s3": 30457, "optimal_lap": 102331, "std_deviation": 8767.930598502633, "valid_std_deviation": 544.8720097935401, "last_lap_time_stamp": 3302531, "last_lap_position": 7, "driver_laps": [115015, 106602, 104445, 103247, 102970, 103490, 102755, 103892, 103620, 103737, 103522, 104730, 103415, 103430, 103085, 104327, 154680, 107927, 102995, 102780, 102672, 102502, 102682, 102760, 102910, 102925, 103000, 102585, 102937, 102660, 103135, 102867, 103172, 103175, 103022, 103087]}, "Karl Maurer (MAU)": {"total_laps": 36, "valid_laps": 29, "valid_laps_percentage": 80.56, "average_lap_time": 103598.03448275862, "valid_average_lap_time": 103598.03448275862, "fastest_lap": 102072, "fastest_s1": 31070, "fastest_s2": 40400, "fastest_s3": 30250, "optimal_lap": 101720, "std_deviation": 10409.644427507736, "valid_std_deviation": 1614.6348433438136, "last_lap_time_stamp": 3004343, "last_lap_position": 9, "driver_laps": [110690, 103920, 103580, 103355, 103110, 102692, 105172, 103582, 108850, 103487, 104317, 103450, 103555, 104577, 103220, 165297, 107635, 102317, 102115, 103052, 102072, 102185, 102632, 102177, 105535, 109160, 103417, 103415, 102765, 102670, 102505, 103447, 103372, 104005, 104430, 104877]}, "Philippe Maisonneuve (MAI)": {"total_laps": 35, "valid_laps": 26, "valid_laps_percentage": 74.29, "average_lap_time": 102764.53846153847, "valid_average_lap_time": 102764.53846153847, "fastest_lap": 102177, "fastest_s1": 31215, "fastest_s2": 40525, "fastest_s3": 30232, "optimal_lap": 101972, "std_deviation": 11904.616200901073, "valid_std_deviation": 594.4765920215349, "last_lap_time_stamp": 2671878, "last_lap_position": 9, "driver_laps": [111762, 103995, 104925, 103390, 102517, 102772, 102465, 102480, 102612, 103225, 170367, 107885, 103037, 103295, 102652, 102560, 102237, 102177, 102507, 102570, 102362, 103437, 102677, 102465, 102745, 103070, 102652, 102337, 102295, 102455, 102847, 102652, 124022, 108202, 107992]}, "Sean Collis (COL)": {"total_laps": 35, "valid_laps": 29, "valid_laps_percentage": 82.86, "average_lap_time": 103773.55172413793, "valid_average_lap_time": 103773.55172413793, "fastest_lap": 102600, "fastest_s1": 31375, "fastest_s2": 40417, "fastest_s3": 30487, "optimal_lap": 102279, "std_deviation": 11547.091266533189, "valid_std_deviation": 1230.4285718575254, "last_lap_time_stamp": 3009433, "last_lap_position": 13,