{"Gold": {"Sara Liu (LIU)": {"total_laps": 39, "valid_laps": 33, "valid_laps_percentage": 84.62, "average_lap_time": 88811.06060606061, "valid_average_lap_time": 88811.06060606061, "fastest_lap": 88120, "fastest_s1": 22210, "fastest_s2": 38837, "fastest_s3": 26965, "optimal_lap": 88012, "std_deviation": 8641.186591464279, "valid_std_deviation": 1192.1596458579368, "last_lap_time_stamp": 2930765, "last_lap_position": 1, "driver_laps": [95317, 88815, 88935, 88430, 88502, 88832, 88685, 88910, 88790, 88667, 88655, 88657, 88782, 88822, 88870, 88925, 88840, 89065, 88997, 94662, 142152, 88362, 88347, 88120, 88350, 88345, 88632, 88255, 88232, 88522, 88342, 88412, 88460, 88825, 88400, 88325, 88452, 88772, 88735]}, "Christopher Larson (LAR)": {"total_laps": 39, "valid_laps": 30, "valid_laps_percentage": 76.92, "average_lap_time": 88803.83333333333, "valid_average_lap_time": 88803.83333333333, "fastest_lap": 88132, "fastest_s1": 22385, "fastest_s2": 38650, "fastest_s3": 26917, "optimal_lap": 87952, "std_deviation": 8746.869185403353, "valid_std_deviation": 1415.6042229705145, "last_lap_time_stamp": 2664115, "last_lap_position": 2, "driver_laps": [96145, 88705, 88645, 88722, 89060, 89252, 89000, 88717, 88817, 88800, 88712, 88692, 88677, 88780, 88872, 89170, 89020, 88955, 94115, 142740, 88485, 88282, 88132, 88322, 88392, 88277, 88252, 88257, 88112, 88487, 88315, 88297, 88280, 88677, 88200, 88335, 88460, 88770, 88315]}, "Kenneth Portis II (POR)": {"total_laps": 39, "valid_laps": 35, "valid_laps_percentage": 89.74, "average_lap_time": 89010.65714285715, "valid_average_lap_time": 89010.65714285715, "fastest_lap": 88235, "fastest_s1": 22295, "fastest_s2": 38822, "fastest_s3": 26997, "optimal_lap": 88114, "std_deviation": 8816.69754319332, "valid_std_deviation": 1356.3833386416015, "last_lap_time_stamp": 3115373, "last_lap_position": 3, "driver_laps": [96610, 89072, 88972, 89027, 88887, 88977, 89105, 88930, 89070, 88672, 88862, 88960, 89585, 89060, 89022, 89127, 89110, 89070, 88957, 89067, 94215, 143352, 88577, 88642, 88582, 88455, 88400, 88482, 88237, 88857, 88580, 88235, 88537, 88512, 88450, 88492, 88470, 88475, 88670]}, "Jonathan Clifford (CLI)": {"total_laps": 39, "valid_laps": 27, "valid_laps_percentage": 69.23, "average_lap_time": 89173.0, "valid_average_lap_time": 89173.0, "fastest_lap": 88147, "fastest_s1": 22310, "fastest_s2": 38852, "fastest_s3": 26930, "optimal_lap": 88092, "std_deviation": 8710.764284166171, "valid_std_deviation": 1430.9643601431867, "last_lap_time_stamp": 2407671, "last_lap_position": 4, "driver_laps": [96062, 88800, 88735, 88985, 88887, 89332, 88937, 88800, 89815, 89040, 89012, 89067, 90440, 89440, 89565, 89510, 89060, 88912, 89300, 94292, 142960, 88737, 88880, 88715, 88270, 88495, 88210, 88147, 88665, 88710, 88347, 88797, 89077, 89052, 90090, 89167, 88920, 89202, 89395]}, "Toby Yao (YAO)": {"total_laps": 39, "valid_laps": 25, "valid_laps_percentage": 64.1, "average_lap_time": 89374.2, "valid_average_lap_time": 89374.2, "fastest_lap": 88485, "fastest_s1": 22517, "fastest_s2": 38765, "fastest_s3": 27100, "optimal_lap": 88382, "std_deviation": 8754.363389780201, "valid_std_deviation": 1472.6179069942075, "last_lap_time_stamp": 2234355, "last_lap_position": 5, "driver_laps": [96315, 89390, 89297, 89195, 89115, 89140, 89162, 89517, 89807, 89480, 89002, 89097, 89352, 89565, 89240, 89730, 89232, 89257, 89560, 94805, 142930, 88842, 88485, 88695, 88922, 89367, 98155, 88862, 94167, 89190, 89032, 88772, 88970, 88825, 90102, 89110, 89042, 88920, 89437]}, "Alex Schimbeno (SCH)": {"total_laps": 39, "valid_laps": 31, "valid_laps_percentage": 79.49, "average_lap_time": 89811.67741935483, "valid_average_lap_time": 89811.67741935483, "fastest_lap": 88945, "fastest_s1": 22457, "fastest_s2": 39032, "fastest_s3": 27240, "optimal_lap": 88729, "std_deviation": 8869.540899194451, "valid_std_deviation": 1440.3309431538473, "last_lap_time_stamp": 2784162, "last_lap_position": 6, "driver_laps": [97135, 91267, 90355, 89777, 89265, 89627, 89547, 89465, 89560, 90195, 89847, 89545, 89752, 89917, 89950, 91082, 89992, 89955, 90022, 89740, 95932, 144427, 89302, 89207, 89030, 89272, 89265, 89150, 89560, 89135, 89207, 89027, 88945, 89235, 89535, 89320, 89522, 89537, 89047]}, "Philippe Maisonneuve (MAI)": {"total_laps": 39, "valid_laps": 27, "valid_laps_percentage": 69.23, "average_lap_time": 90093.85185185185, "valid_average_lap_time": 90093.85185185185, "fastest_lap": 89125, "fastest_s1": 22415, "fastest_s2": 39160, "fastest_s3": 27250, "optimal_lap": 88825, "std_deviation": 8999.051541191751, "valid_std_deviation": 1717.0172864078456, "last_lap_time_stamp": 2432534, "last_lap_position": 8, "driver_laps": [98357, 91050, 90897, 91257, 89940, 90425, 89355, 90232, 90012, 90122, 89730, 90440, 90307, 90617, 90255, 90662, 96287, 145462, 89832, 90400, 89730, 89770, 89442, 91307, 89502, 89597, 89125, 89697, 89345, 89680, 89392, 89472, 89252, 89255, 89567, 89580, 89340, 89702, 90085]}, "Dale Rodman Jr III (ROD)": {"total_laps": 39, "valid_laps": 29, "valid_laps_percentage": 74.36, "average_lap_time": 89990.86206896552, "valid_average_lap_time": 89990.86206896552, "fastest_lap": 89070, "fastest_s1": 22537, "fastest_s2": 39260, "fastest_s3": 27272, "optimal_lap": 89069, "std_deviation": 8742.062772570793, "valid_std_deviation": 554.0153249645415, "last_lap_time_stamp": 2609735, "last_lap_position": 9, "driver_laps": [96810, 91347, 90232, 90292, 90447, 92335, 90132, 90665, 90237, 89915, 89955, 91620, 90072, 89840, 90137, 90055, 90037, 89955, 90365, 96785, 144057, 89895, 89600, 89397, 89737, 89450, 89070, 89457, 89345, 90590, 90630, 89457, 89655, 89447, 89652, 89467, 90130, 89860, 89922]}, "Marc-Andre Hamel (HAM)": {"total_laps": 39, "valid_laps": 26, "valid_laps_percentage": 66.67, "average_lap_time": 90307.0, "valid_average_lap_time": 90307.0, "fastest_lap": 89252, "fastest_s1": 22452, "fastest_s2": 39350, "fastest_s3": 27370, "optimal_lap": 89172, "std_deviation": 8813.85309249209, "valid_std_deviation": 1506.6594837586892, "last_lap_time_stamp": 2347982, "last_lap_position": 10, "driver_laps": [97397, 91265, 90617, 90190, 89827, 89975, 89802, 89982, 90355, 89812, 89762, 90432, 89785, 91385, 90517, 90470, 89930, 90690, 96717, 144550, 89835, 89625, 89757, 89637, 89832, 89862, 90287, 89252, 89632, 92630, 90840, 89995, 89690, 89722, 89890, 89932, 89882, 90015, 89620]}, "Sean Collis (COL)": {"total_laps": 39, "valid_laps": 27, "valid_laps_percentage": 69.23, "average_lap_time": 90323.37037037036, "valid_average_lap_time": 90323.37037037036, "fastest_lap": 89690, "fastest_s1": 22622, "fastest_s2": 39362, "fastest_s3": 27507, "optimal_lap": 89491, "std_deviation": 8972.077583667087, "valid_std_deviation": 401.537923120225, "last_lap_time_stamp": 2438731, "last_lap_position": 13, "driver_laps": [101782, 91240, 91982, 91322, 91092, 90457, 90017, 90425, 90517, 90130, 90672, 90570, 90492, 90737, 90702, 90800, 90700, 90997, 97730, 145310, 90502, 90005, 89690, 90075, 89835, 90080, 89987, 90000, 90617, 90717, 90082, 90550, 89990, 90027, 91662, 90795, 90150, 89735, 89862]}, "Karl Maurer (MAU)": {"total_laps": 39, "valid_laps": 33, "valid_laps_percentage": 84.62, "average_lap_time": 91054.81818181818, "valid_average_lap_time": 91054.81818181818, "fastest_lap": 89380, "fastest_s1": 22510, "fastest_s2": 39185, "fastest_s3": 27415, "optimal_lap": 89110, "std_deviation": 9941.589687749547, "valid_std_deviation": 3960.883648683598, "last_lap_time_stamp": 3004809, "last_lap_position": 16, "driver_laps": [112600, 90920, 91305, 90690, 91815, 92392, 93197, 90655, 90350, 89892, 90782, 90772, 90220, 90345, 91527, 98257, 148500, 90062, 89977, 89535, 90132, 90107, 90262, 89595, 89690, 89380, 90112, 89787, 89772, 89880, 89712, 89997, 89805, 90197, 89215, 93645, 89885, 90492, 90447]}, "Matt Lung (LUN)": {"total_laps": 39, "valid_laps": 18, "valid_laps_percentage": 46.15, "average_lap_time": 90287.05555555556, "valid_average_lap_time": 90287.05555555556, "fastest_lap": 89482, "fastest_s1": 22600,