{"Multiclass": {"Louie Sanz (SAN)": {"total_laps": 48, "valid_laps": 30, "valid_laps_percentage": 62.5, "average_lap_time": 114953.53333333334, "valid_average_lap_time": 114953.53333333334, "fastest_lap": 112647, "fastest_s1": 43725, "fastest_s2": 37075, "fastest_s3": 31417, "optimal_lap": 112217, "std_deviation": 9393.958992522348, "valid_std_deviation": 1789.048171771666, "last_lap_time_stamp": 3448606, "last_lap_position": 20, "driver_laps": [117492, 121160, 112647, 115040, 113497, 118577, 144440, 148027, 119145, 113207, 117500, 113472, 131917, 115217, 116745, 114430, 128435, 117490, 114905, 114912, 114115, 113370, 115105, 114017, 117492, 121160, 112647, 115040, 113497, 118577, 144440, 148027, 119145, 113207, 117500, 113472, 131917, 115217, 116745, 114430, 128435, 117490, 114905, 114912, 114115, 113370, 115105, 114017]}, "Trevor Scales (SCA)": {"total_laps": 28, "valid_laps": 22, "valid_laps_percentage": 78.57, "average_lap_time": 97976.13636363637, "valid_average_lap_time": 97976.13636363637, "fastest_lap": 96852, "fastest_s1": 37527, "fastest_s2": 32105, "fastest_s3": 26790, "optimal_lap": 96422, "std_deviation": 6642.010305085136, "valid_std_deviation": 906.0586176482836, "last_lap_time_stamp": 2155475, "last_lap_position": 1, "driver_laps": [100390, 96892, 96915, 96867, 96585, 96852, 97880, 98230, 98087, 97395, 98805, 96975, 96862, 122632, 123462, 99200, 99325, 98160, 98322, 97390, 98890, 97832, 97192, 98025, 99350, 98682, 98362, 97982]}, "Kaler Nicholson (NIC)": {"total_laps": 28, "valid_laps": 24, "valid_laps_percentage": 85.71, "average_lap_time": 98239.25, "valid_average_lap_time": 98239.25, "fastest_lap": 96942, "fastest_s1": 37672, "fastest_s2": 32145, "fastest_s3": 26835, "optimal_lap": 96652, "std_deviation": 7634.4291814074695, "valid_std_deviation": 1263.5039357485887, "last_lap_time_stamp": 2357742, "last_lap_position": 2, "driver_laps": [101560, 97405, 97285, 97112, 96945, 96995, 98200, 97960, 101080, 97640, 97915, 98285, 96942, 97475, 98040, 128905, 124945, 97975, 98782, 99525, 97562, 97760, 98187, 97507, 98025, 100320, 99285, 98237]}, "Karl Maurer (MAU)": {"total_laps": 28, "valid_laps": 26, "valid_laps_percentage": 92.86, "average_lap_time": 98328.88461538461, "valid_average_lap_time": 98328.88461538461, "fastest_lap": 96982, "fastest_s1": 37602, "fastest_s2": 32117, "fastest_s3": 26662, "optimal_lap": 96381, "std_deviation": 7554.925919872538, "valid_std_deviation": 1524.374949332954, "last_lap_time_stamp": 2556551, "last_lap_position": 3, "driver_laps": [104340, 100207, 98482, 97047, 97557, 97192, 97650, 98260, 98800, 99690, 97002, 97525, 99137, 96982, 97227, 97610, 128330, 124720, 97727, 98160, 97457, 97630, 98675, 97777, 98492, 100090, 98235, 97600]}, "Kenneth Portis II (POR)": {"total_laps": 28, "valid_laps": 26, "valid_laps_percentage": 92.86, "average_lap_time": 97816.0, "valid_average_lap_time": 97816.0, "fastest_lap": 96690, "fastest_s1": 37610, "fastest_s2": 32232, "fastest_s3": 26675, "optimal_lap": 96517, "std_deviation": 11234.661261296873, "valid_std_deviation": 1088.4478122537616, "last_lap_time_stamp": 2543216, "last_lap_position": 4, "driver_laps": [100637, 97290, 96690, 96997, 96902, 96892, 151940, 123862, 97252, 97492, 97145, 97235, 96887, 98685, 97692, 98140, 97145, 98275, 97890, 97367, 98342, 97675, 97625, 97535, 98005, 97927, 101482, 98012]}, "Kyle Easton (EAS)": {"total_laps": 28, "valid_laps": 24, "valid_laps_percentage": 85.71, "average_lap_time": 99747.0, "valid_average_lap_time": 99747.0, "fastest_lap": 98240, "fastest_s1": 38280, "fastest_s2": 32525, "fastest_s3": 27217, "optimal_lap": 98022, "std_deviation": 7167.390368406182, "valid_std_deviation": 915.5281203384387, "last_lap_time_stamp": 2393928, "last_lap_position": 5, "driver_laps": [102000, 100580, 110587, 98240, 98355, 98695, 103222, 99382, 98560, 99995, 99552, 100702, 99557, 99872, 99815, 99632, 99335, 99342, 99665, 125580, 126805, 99195, 99265, 100820, 99622, 99792, 101475, 100480]}, "Pierre-Etienne Longuez (LON)": {"total_laps": 28, "valid_laps": 23, "valid_laps_percentage": 82.14, "average_lap_time": 99629.04347826086, "valid_average_lap_time": 99629.04347826086, "fastest_lap": 97067, "fastest_s1": 37682, "fastest_s2": 32432, "fastest_s3": 26690, "optimal_lap": 96804, "std_deviation": 11577.047615236354, "valid_std_deviation": 2106.3471715542582, "last_lap_time_stamp": 2291468, "last_lap_position": 6, "driver_laps": [102912, 99242, 98135, 97125, 97567, 97067, 97955, 97500, 101367, 99100, 97807, 98520, 99097, 155415, 125207, 101727, 100087, 99382, 98460, 103712, 103747, 101490, 101377, 102440, 99162, 99012, 98942, 99465]}, "Alex Schimbeno (SCH)": {"total_laps": 28, "valid_laps": 24, "valid_laps_percentage": 85.71, "average_lap_time": 100931.125, "valid_average_lap_time": 100931.125, "fastest_lap": 99625, "fastest_s1": 38845, "fastest_s2": 33150, "fastest_s3": 27360, "optimal_lap": 99355, "std_deviation": 7142.6833237581, "valid_std_deviation": 1036.1523436965367, "last_lap_time_stamp": 2422347, "last_lap_position": 7, "driver_laps": [103802, 100157, 100622, 99985, 100665, 100485, 99625, 99982, 99787, 100742, 101427, 100197, 99947, 101055, 101377, 101062, 100792, 128415, 127440, 100070, 103067, 100677, 101275, 101540, 101655, 101077, 100985, 102612]}, "William Scott (SCO)": {"total_laps": 28, "valid_laps": 21, "valid_laps_percentage": 75.0, "average_lap_time": 97576.71428571429, "valid_average_lap_time": 97576.71428571429, "fastest_lap": 96080, "fastest_s1": 37367, "fastest_s2": 32230, "fastest_s3": 26462, "optimal_lap": 96059, "std_deviation": 19707.04980360176, "valid_std_deviation": 1175.3695224420762, "last_lap_time_stamp": 2049111, "last_lap_position": 8, "driver_laps": [100632, 97385, 96920, 96992, 96540, 96792, 97747, 98030, 98250, 97717, 197912, 123885, 97290, 97487, 96580, 96565, 97225, 96080, 97745, 97405, 97320, 100595, 100437, 120662, 97235, 98082, 98802, 97437]}, "Sean Collis (COL)": {"total_laps": 27, "valid_laps": 17, "valid_laps_percentage": 62.96, "average_lap_time": 100293.64705882352, "valid_average_lap_time": 100293.64705882352, "fastest_lap": 99422, "fastest_s1": 38607, "fastest_s2": 32845, "fastest_s3": 27272, "optimal_lap": 98724, "std_deviation": 7950.449220406845, "valid_std_deviation": 738.0861180425078, "last_lap_time_stamp": 1704992, "last_lap_position": 8, "driver_laps": [105137, 100155, 100142, 100072, 100187, 99422, 101230, 99937, 102272, 100577, 99572, 103987, 99765, 99612, 99757, 99985, 101195, 101237, 132660, 125077, 99667, 102295, 100905, 113825, 100082, 100120, 104547]}, "Brian Zandy (ZAN)": {"total_laps": 27, "valid_laps": 22, "valid_laps_percentage": 81.48, "average_lap_time": 101670.45454545454, "valid_average_lap_time": 101670.45454545454, "fastest_lap": 99755, "fastest_s1": 38572, "fastest_s2": 32987, "fastest_s3": 27465, "optimal_lap": 99024, "std_deviation": 14574.644352533924, "valid_std_deviation": 1782.1841262171145, "last_lap_time_stamp": 2236750, "last_lap_position": 10, "driver_laps": [105455, 100445, 100350, 100377, 100255, 99795, 101535, 141615, 163255, 127457, 100740, 100712, 105937, 102817, 101607, 104490, 100795, 102297, 102412, 103427, 101315, 100342, 99755, 101697, 101382, 100150, 101652]}, "Jonathan Clifford (CLI)": {"total_laps": 26, "valid_laps": 24, "valid_laps_percentage": 92.31, "average_lap_time": 109488.79166666667, "valid_average_lap_time": 109488.79166666667, "fastest_lap": 108390, "fastest_s1": 41982, "fastest_s2": 35977, "fastest_s3": 30265, "optimal_lap": 108224, "std_deviation": 6700.635319591259, "valid_std_deviation": 984.8964182644513, "last_lap_time_stamp": 2627731, "last_lap_position": 11, "driver_laps": [111857, 109722, 111325, 109357, 111652, 108445, 109947, 109677, 110237, 108552, 109102, 109260, 108745, 133550, 134245, 108390, 108825, 108800, 108955, 108762, 108522, 109172, 109260, 110297, 109005, 109865]}, "Christopher Larson (LAR)": {"total_laps": 26, "valid_laps": 20, "valid_laps_percentage": 76.92, "average_lap_time": 109327.4,