{"Multiclass": {"Louie Sanz (SAN)": {"total_laps": 40, "valid_laps": 22, "valid_laps_percentage": 55.0, "average_lap_time": 125507.63636363637, "valid_average_lap_time": 125507.63636363637, "fastest_lap": 123742, "fastest_s1": 34365, "fastest_s2": 40980, "fastest_s3": 48277, "optimal_lap": 123622, "std_deviation": 52735.46660044516, "valid_std_deviation": 1169.7446422781888, "last_lap_time_stamp": 2761168, "last_lap_position": 20, "driver_laps": [127422, 125677, 124342, 125070, 124640, 124495, 123742, 156815, 124960, 139002, 365107, 127032, 129487, 126052, 126495, 125490, 126747, 126220, 126732, 131650, 127422, 125677, 124342, 125070, 124640, 124495, 123742, 156815, 124960, 139002, 365107, 127032, 129487, 126052, 126495, 125490, 126747, 126220, 126732, 131650]}, "Kenneth Portis II (POR)": {"total_laps": 25, "valid_laps": 22, "valid_laps_percentage": 88.0, "average_lap_time": 107147.86363636363, "valid_average_lap_time": 107147.86363636363, "fastest_lap": 105932, "fastest_s1": 29212, "fastest_s2": 35310, "fastest_s3": 41387, "optimal_lap": 105909, "std_deviation": 5156.096084571479, "valid_std_deviation": 906.8855808259148, "last_lap_time_stamp": 2357253, "last_lap_position": 1, "driver_laps": [110037, 106467, 105932, 106287, 106010, 106317, 107250, 108280, 107697, 106665, 106315, 106542, 106647, 120410, 129297, 107577, 106967, 108272, 106475, 107197, 107485, 106705, 107390, 107427, 107322]}, "Kaler Nicholson (NIC)": {"total_laps": 25, "valid_laps": 23, "valid_laps_percentage": 92.0, "average_lap_time": 107570.52173913043, "valid_average_lap_time": 107570.52173913043, "fastest_lap": 106002, "fastest_s1": 29325, "fastest_s2": 35015, "fastest_s3": 41332, "optimal_lap": 105672, "std_deviation": 5960.24298777603, "valid_std_deviation": 1331.9506839616581, "last_lap_time_stamp": 2474122, "last_lap_position": 2, "driver_laps": [109625, 106457, 106010, 106002, 106315, 106047, 122042, 133440, 110542, 108007, 108650, 106365, 109927, 107090, 109017, 107480, 106897, 106522, 107432, 106890, 107680, 107117, 106785, 108885, 108380]}, "Toby Yao (YAO)": {"total_laps": 25, "valid_laps": 16, "valid_laps_percentage": 64.0, "average_lap_time": 107240.875, "valid_average_lap_time": 107240.875, "fastest_lap": 106357, "fastest_s1": 29370, "fastest_s2": 35427, "fastest_s3": 41080, "optimal_lap": 105877, "std_deviation": 6835.529410611392, "valid_std_deviation": 1076.7718963024001, "last_lap_time_stamp": 1715854, "last_lap_position": 3, "driver_laps": [110530, 107242, 106460, 106412, 106450, 106357, 106832, 108940, 106745, 106555, 106785, 106727, 120935, 138877, 110517, 107672, 107587, 106817, 108080, 106917, 106720, 107220, 107272, 107682, 108260]}, "Pierre-Etienne Longuez (LON)": {"total_laps": 25, "valid_laps": 15, "valid_laps_percentage": 60.0, "average_lap_time": 107776.06666666667, "valid_average_lap_time": 107776.06666666667, "fastest_lap": 106155, "fastest_s1": 29630, "fastest_s2": 35152, "fastest_s3": 41260, "optimal_lap": 106042, "std_deviation": 8975.277306208056, "valid_std_deviation": 1101.9101899277757, "last_lap_time_stamp": 1616641, "last_lap_position": 4, "driver_laps": [110235, 107297, 106410, 107652, 106682, 106155, 106990, 110720, 108075, 108785, 107195, 120257, 151480, 107922, 107607, 109960, 108067, 108655, 108397, 108242, 108760, 109122, 107177, 107907, 109197]}, "Cedric Couturier (COU)": {"total_laps": 25, "valid_laps": 12, "valid_laps_percentage": 48.0, "average_lap_time": 108409.75, "valid_average_lap_time": 108409.75, "fastest_lap": 107607, "fastest_s1": 29847, "fastest_s2": 35262, "fastest_s3": 41925, "optimal_lap": 107034, "std_deviation": 6661.0746022444955, "valid_std_deviation": 887.9408380169153, "last_lap_time_stamp": 1300917, "last_lap_position": 5, "driver_laps": [112410, 108040, 108647, 109987, 107965, 107607, 107442, 108087, 109847, 107610, 107777, 107052, 122930, 138770, 108545, 108882, 108852, 111965, 108595, 108217, 110450, 107937, 108055, 108805, 108457]}, "William Scott (SCO)": {"total_laps": 25, "valid_laps": 11, "valid_laps_percentage": 44.0, "average_lap_time": 107613.0, "valid_average_lap_time": 107613.0, "fastest_lap": 106120, "fastest_s1": 29357, "fastest_s2": 35127, "fastest_s3": 41177, "optimal_lap": 105661, "std_deviation": 12972.292417816265, "valid_std_deviation": 1755.6250169099324, "last_lap_time_stamp": 1183743, "last_lap_position": 6, "driver_laps": [111500, 106865, 106477, 106835, 106917, 106247, 107125, 109047, 109725, 108522, 107212, 106120, 109105, 107555, 128882, 169062, 106460, 106477, 107230, 107250, 106055, 106247, 106250, 106672, 106722]}, "Alex Schimbeno (SCH)": {"total_laps": 25, "valid_laps": 18, "valid_laps_percentage": 72.0, "average_lap_time": 109514.5, "valid_average_lap_time": 109514.5, "fastest_lap": 108265, "fastest_s1": 29830, "fastest_s2": 35995, "fastest_s3": 42085, "optimal_lap": 107910, "std_deviation": 10352.92572947377, "valid_std_deviation": 1187.0758065887096, "last_lap_time_stamp": 1971261, "last_lap_position": 7, "driver_laps": [113305, 109877, 108957, 109060, 108777, 108475, 109965, 109932, 110135, 110197, 109165, 110050, 110242, 109565, 110755, 124430, 159657, 108707, 108692, 111210, 109712, 108265, 108805, 108542, 111125]}, "Sean Collis (COL)": {"total_laps": 25, "valid_laps": 19, "valid_laps_percentage": 76.0, "average_lap_time": 109284.68421052632, "valid_average_lap_time": 109284.68421052632, "fastest_lap": 107745, "fastest_s1": 29522, "fastest_s2": 35782, "fastest_s3": 41830, "optimal_lap": 107134, "std_deviation": 11295.90151338086, "valid_std_deviation": 1414.275159956568, "last_lap_time_stamp": 2076409, "last_lap_position": 8, "driver_laps": [113015, 108475, 108052, 108520, 108645, 121562, 109147, 109265, 108527, 110262, 111920, 110647, 109840, 123097, 163400, 108740, 108897, 107845, 108010, 107920, 109522, 109765, 107745, 108170, 109442]}, "Karl Maurer (MAU)": {"total_laps": 25, "valid_laps": 21, "valid_laps_percentage": 84.0, "average_lap_time": 110501.42857142857, "valid_average_lap_time": 110501.42857142857, "fastest_lap": 107715, "fastest_s1": 29930, "fastest_s2": 35740, "fastest_s3": 41687, "optimal_lap": 107357, "std_deviation": 7116.757250321244, "valid_std_deviation": 2763.3373585472436, "last_lap_time_stamp": 2320530, "last_lap_position": 9, "driver_laps": [111840, 135030, 133720, 113717, 117557, 111967, 108735, 108687, 108447, 109847, 117830, 111205, 110762, 111055, 110560, 112060, 108127, 108107, 108110, 107715, 109642, 110465, 108557, 108065, 109255]}, "Martin Mugerian (MUG)": {"total_laps": 24, "valid_laps": 18, "valid_laps_percentage": 75.0, "average_lap_time": 112105.33333333333, "valid_average_lap_time": 112105.33333333333, "fastest_lap": 110855, "fastest_s1": 29787, "fastest_s2": 37200, "fastest_s3": 43100, "optimal_lap": 110087, "std_deviation": 6447.740038717757, "valid_std_deviation": 1559.1968143510148, "last_lap_time_stamp": 2017896, "last_lap_position": 10, "driver_laps": [116072, 111217, 111495, 110875, 111385, 111182, 110922, 111257, 111537, 110855, 113862, 128935, 138662, 110887, 111182, 112445, 111467, 112415, 112572, 112497, 113727, 111200, 111547, 115452]}, "Brian Zandy (ZAN)": {"total_laps": 24, "valid_laps": 20, "valid_laps_percentage": 83.33, "average_lap_time": 112142.4, "valid_average_lap_time": 112142.4, "fastest_lap": 109982, "fastest_s1": 30045, "fastest_s2": 36377, "fastest_s3": 43172, "optimal_lap": 109594, "std_deviation": 7577.95697953582, "valid_std_deviation": 1530.071047542014, "last_lap_time_stamp": 2242848, "last_lap_position": 11, "driver_laps": [116482, 111815, 110810, 111005, 111110, 111197, 110755, 113697, 123695, 111082, 109982, 114660, 130565, 142947, 113355, 112442, 112207, 110690, 111395, 112262, 112967, 111560, 111570, 112615]}, "Jonathan Clifford (CLI)": {"total_laps": 23, "valid_laps": 19, "valid_laps_percentage": 82.61, "average_lap_time": 120988.31578947368, "valid_average_lap_time": 120988.31578947368, "fastest_lap": 119767, "fastest_s1": 33670, "fastest_s2": 39375, "fastest_s3": 46722, "optimal_lap": 119767,